county_fips,county,state,week,cumulative_cases,new_cases_week,state_abbr,centroid_lat,centroid_lon,importation_pressure,cases_last_4w,susceptible_proxy,transmission_multiplier,horizon_weeks,forecast_week,expected_growth_abs,expected_growth_pct,risk_new_cases_county,risk_score,neighbor_exposure,new_cases_risk_pct,growth_pressure_score,risk_score_percentile
02020,Anchorage Municipality,AK,2026-03-28,0.0,0.0,AK,61.17425,-149.284329,0.0,0.0,13.900000000000006,0.3780000000000001,1,2026-04-04,0.0,0.0,0.0,53.49928860619703,0.0,46.209386281588465,34.03125969477955,97.55639097744361
02122,Kenai Peninsula Borough,AK,2026-03-28,0.0,0.0,AK,60.366668,-152.322283,0.0,0.0,13.900000000000006,0.3780000000000001,1,2026-04-04,0.0,0.0,0.0,53.49928860619703,0.0,46.209386281588465,34.03125969477955,97.55639097744361
04005,Coconino County,AZ,2026-03-28,0.0,0.0,AZ,35.829692,-111.773728,0.0,0.0,9.849999999999994,0.29699999999999993,1,2026-04-04,0.0,0.0,0.0,36.65250174916534,0.0,31.588447653429586,24.000191624114176,91.9172932330827
04013,Maricopa County,AZ,2026-03-28,0.0,0.0,AZ,33.345176,-112.49893,0.0,0.0,9.849999999999994,0.29699999999999993,1,2026-04-04,0.0,0.0,0.0,36.65250174916534,0.0,31.588447653429586,24.000191624114176,91.9172932330827
04015,Mohave County,AZ,2026-03-28,0.0,0.0,AZ,35.717705,-113.749689,0.0,0.0,9.849999999999994,0.29699999999999993,1,2026-04-04,0.0,0.0,0.0,36.65250174916534,0.0,31.588447653429586,24.000191624114176,91.9172932330827
04017,Navajo County,AZ,2026-03-28,0.0,0.0,AZ,35.390785,-110.321025,0.0,0.0,9.849999999999994,0.29699999999999993,1,2026-04-04,0.0,0.0,0.0,36.65250174916534,0.0,31.588447653429586,24.000191624114176,91.9172932330827
04019,Pima County,AZ,2026-03-28,0.0,0.0,AZ,32.128038,-111.783657,0.0,0.0,9.849999999999994,0.29699999999999993,1,2026-04-04,0.0,0.0,0.0,36.65250174916534,0.0,31.588447653429586,24.000191624114176,91.9172932330827
04021,Pinal County,AZ,2026-03-28,0.0,0.0,AZ,32.918521,-111.366339,0.0,0.0,9.849999999999994,0.29699999999999993,1,2026-04-04,0.0,0.0,0.0,36.65250174916534,0.0,31.588447653429586,24.000191624114176,91.9172932330827
05007,Benton County,AR,2026-03-28,0.0,0.0,AR,36.337819,-94.256298,0.0,0.0,6.950000000000003,0.23900000000000005,1,2026-04-04,0.0,0.0,0.0,24.546337752889283,0.0,21.11913357400724,16.424755501823455,55.639097744360896
05045,Faulkner County,AR,2026-03-28,0.0,0.0,AR,35.146548,-92.336928,0.0,0.0,6.950000000000003,0.23900000000000005,1,2026-04-04,0.0,0.0,0.0,24.546337752889283,0.0,21.11913357400724,16.424755501823455,55.639097744360896
05125,Saline County,AR,2026-03-28,0.0,0.0,AR,34.648525,-92.674463,0.0,0.0,6.950000000000003,0.23900000000000005,1,2026-04-04,0.0,0.0,0.0,24.546337752889283,0.0,21.11913357400724,16.424755501823455,55.639097744360896
06013,Contra Costa County,CA,2026-03-28,0.0,0.0,CA,37.919479,-121.951543,0.0,0.0,2.0,0.13999999999999999,1,2026-04-04,0.0,0.0,0.0,3.7882480959665368,0.0,3.249097472924208,2.6353738296536102,6.203007518796992
06019,Fresno County,CA,2026-03-28,0.0,0.0,CA,36.761006,-119.655019,0.0,0.0,2.0,0.13999999999999999,1,2026-04-04,0.0,0.0,0.0,3.7882480959665368,0.0,3.249097472924208,2.6353738296536102,6.203007518796992
06037,Los Angeles County,CA,2026-03-28,0.0,0.0,CA,34.196398,-118.261862,0.0,0.0,2.0,0.13999999999999999,1,2026-04-04,0.0,0.0,0.0,3.7882480959665368,0.0,3.249097472924208,2.6353738296536102,6.203007518796992
06055,Napa County,CA,2026-03-28,0.0,0.0,CA,38.5071,-122.325904,0.0,0.0,2.0,0.13999999999999999,1,2026-04-04,0.0,0.0,0.0,3.7882480959665368,0.0,3.249097472924208,2.6353738296536102,6.203007518796992
06059,Orange County,CA,2026-03-28,0.0,0.0,CA,33.675687,-117.777207,0.0,0.0,2.0,0.13999999999999999,1,2026-04-04,0.0,0.0,0.0,3.7882480959665368,0.0,3.249097472924208,2.6353738296536102,6.203007518796992
06061,Placer County,CA,2026-03-28,0.0,0.0,CA,39.062032,-120.722718,0.0,0.0,2.0,0.13999999999999999,1,2026-04-04,0.0,0.0,0.0,3.7882480959665368,0.0,3.249097472924208,2.6353738296536102,6.203007518796992
06065,Riverside County,CA,2026-03-28,0.0,0.0,CA,33.729828,-116.002239,0.0,0.0,2.0,0.13999999999999999,1,2026-04-04,0.0,0.0,0.0,3.7882480959665368,0.0,3.249097472924208,2.6353738296536102,6.203007518796992
06067,Sacramento County,CA,2026-03-28,0.0,0.0,CA,38.450136,-121.344329,0.0,0.0,2.0,0.13999999999999999,1,2026-04-04,0.0,0.0,0.0,3.7882480959665368,0.0,3.249097472924208,2.6353738296536102,6.203007518796992
06073,San Diego County,CA,2026-03-28,0.0,0.0,CA,33.023604,-116.776117,0.0,0.0,2.0,0.13999999999999999,1,2026-04-04,0.0,0.0,0.0,3.7882480959665368,0.0,3.249097472924208,2.6353738296536102,6.203007518796992
06079,San Luis Obispo County,CA,2026-03-28,0.0,0.0,CA,35.388189,-120.448897,0.0,0.0,2.0,0.13999999999999999,1,2026-04-04,0.0,0.0,0.0,3.7882480959665368,0.0,3.249097472924208,2.6353738296536102,6.203007518796992
06081,San Mateo County,CA,2026-03-28,0.0,0.0,CA,37.414672,-122.371546,0.0,0.0,2.0,0.13999999999999999,1,2026-04-04,0.0,0.0,0.0,3.7882480959665368,0.0,3.249097472924208,2.6353738296536102,6.203007518796992
06085,Santa Clara County,CA,2026-03-28,0.0,0.0,CA,37.221614,-121.68954,0.0,0.0,2.0,0.13999999999999999,1,2026-04-04,0.0,0.0,0.0,3.7882480959665368,0.0,3.249097472924208,2.6353738296536102,6.203007518796992
06089,Shasta County,CA,2026-03-28,0.0,0.0,CA,40.760514,-122.043556,0.0,0.0,2.0,0.13999999999999999,1,2026-04-04,0.0,0.0,0.0,3.7882480959665368,0.0,3.249097472924208,2.6353738296536102,6.203007518796992
06107,Tulare County,CA,2026-03-28,0.0,0.0,CA,36.228834,-118.781055,0.0,0.0,2.0,0.13999999999999999,1,2026-04-04,0.0,0.0,0.0,3.7882480959665368,0.0,3.249097472924208,2.6353738296536102,6.203007518796992
06109,Tuolumne County,CA,2026-03-28,0.0,0.0,CA,38.021434,-119.964733,0.0,0.0,2.0,0.13999999999999999,1,2026-04-04,0.0,0.0,0.0,3.7882480959665368,0.0,3.249097472924208,2.6353738296536102,6.203007518796992
06113,Yolo County,CA,2026-03-28,0.0,0.0,CA,38.679609,-121.90275,0.0,0.0,2.0,0.13999999999999999,1,2026-04-04,0.0,0.0,0.0,3.7882480959665368,0.0,3.249097472924208,2.6353738296536102,6.203007518796992
08001,Adams County,CO,2026-03-28,0.0,0.0,CO,39.874325,-104.331872,0.0,0.0,8.099999999999994,0.2619999999999999,1,2026-04-04,0.0,0.0,0.0,29.351616004241663,0.0,25.27075812274367,19.47040235617236,73.49624060150376
08005,Arapahoe County,CO,2026-03-28,0.0,0.0,CO,39.644554,-104.331706,0.0,0.0,8.099999999999994,0.2619999999999999,1,2026-04-04,0.0,0.0,0.0,29.351616004241663,0.0,25.27075812274367,19.47040235617236,73.49624060150376
08007,Archuleta County,CO,2026-03-28,0.0,0.0,CO,37.202395,-107.050863,0.0,0.0,8.099999999999994,0.2619999999999999,1,2026-04-04,0.0,0.0,0.0,29.351616004241663,0.0,25.27075812274367,19.47040235617236,73.49624060150376
08013,Boulder County,CO,2026-03-28,0.0,0.0,CO,40.094971,-105.39771,0.0,0.0,8.099999999999994,0.2619999999999999,1,2026-04-04,0.0,0.0,0.0,29.351616004241663,0.0,25.27075812274367,19.47040235617236,73.49624060150376
08014,Broomfield County,CO,2026-03-28,0.0,0.0,CO,39.953877,-105.050898,0.0,0.0,8.099999999999994,0.2619999999999999,1,2026-04-04,0.0,0.0,0.0,29.351616004241663,0.0,25.27075812274367,19.47040235617236,73.49624060150376
08031,Denver County,CO,2026-03-28,0.0,0.0,CO,39.76185,-104.881105,0.0,0.0,8.099999999999994,0.2619999999999999,1,2026-04-04,0.0,0.0,0.0,29.351616004241663,0.0,25.27075812274367,19.47040235617236,73.49624060150376
08041,El Paso County,CO,2026-03-28,0.0,0.0,CO,38.8311,-104.527681,0.0,0.0,8.099999999999994,0.2619999999999999,1,2026-04-04,0.0,0.0,0.0,29.351616004241663,0.0,25.27075812274367,19.47040235617236,73.49624060150376
08077,Mesa County,CO,2026-03-28,0.0,0.0,CO,39.019524,-108.460571,0.0,0.0,8.099999999999994,0.2619999999999999,1,2026-04-04,0.0,0.0,0.0,29.351616004241663,0.0,25.27075812274367,19.47040235617236,73.49624060150376
08083,Montezuma County,CO,2026-03-28,0.0,0.0,CO,37.338025,-108.595786,0.0,0.0,8.099999999999994,0.2619999999999999,1,2026-04-04,0.0,0.0,0.0,29.351616004241663,0.0,25.27075812274367,19.47040235617236,73.49624060150376
08101,Pueblo County,CO,2026-03-28,0.0,0.0,CO,38.162765,-104.484668,0.0,0.0,8.099999999999994,0.2619999999999999,1,2026-04-04,0.0,0.0,0.0,29.351616004241663,0.0,25.27075812274367,19.47040235617236,73.49624060150376
08109,Saguache County,CO,2026-03-28,0.0,0.0,CO,38.031651,-106.234666,0.0,0.0,8.099999999999994,0.2619999999999999,1,2026-04-04,0.0,0.0,0.0,29.351616004241663,0.0,25.27075812274367,19.47040235617236,73.49624060150376
08123,Weld County,CO,2026-03-28,0.0,0.0,CO,40.555961,-104.383666,0.0,0.0,8.099999999999994,0.2619999999999999,1,2026-04-04,0.0,0.0,0.0,29.351616004241663,0.0,25.27075812274367,19.47040235617236,73.49624060150376
09170,South Central Connecticut Planning Region,CT,2026-03-28,0.0,0.0,CT,41.290167,-72.837024,0.0,0.0,1.0999999999999943,0.12199999999999987,1,2026-04-04,0.0,0.0,0.0,0.0,0.0,0.0,0.0,0.37593984962406013
11001,District of Columbia,DC,2026-03-28,0.0,0.0,DC,38.904243,-77.016524,0.0,0.0,4.849999999999994,0.19699999999999987,1,2026-04-04,0.0,0.0,0.0,15.755175262348367,0.0,13.537906137184109,10.714333515397646,19.924812030075188
12001,Alachua County,FL,2026-03-28,0.0,0.0,FL,29.67574,-82.357221,0.0,0.0,8.150000000000006,0.2630000000000001,1,2026-04-04,0.0,0.0,0.0,29.56040281605732,0.0,25.451263537906172,19.601559453759734,78.57142857142857
12011,Broward County,FL,2026-03-28,0.0,0.0,FL,26.193535,-80.476683,0.0,0.0,8.150000000000006,0.2630000000000001,1,2026-04-04,0.0,0.0,0.0,29.56040281605732,0.0,25.451263537906172,19.601559453759734,78.57142857142857
12021,Collier County,FL,2026-03-28,0.0,0.0,FL,26.118786,-81.400955,0.0,0.0,8.150000000000006,0.2630000000000001,1,2026-04-04,0.0,0.0,0.0,29.56040281605732,0.0,25.451263537906172,19.601559453759734,78.57142857142857
12031,Duval County,FL,2026-03-28,0.0,0.0,FL,30.335245,-81.648113,0.0,0.0,8.150000000000006,0.2630000000000001,1,2026-04-04,0.0,0.0,0.0,29.56040281605732,0.0,25.451263537906172,19.601559453759734,78.57142857142857
12033,Escambia County,FL,2026-03-28,0.0,0.0,FL,30.529998,-87.320322,0.0,0.0,8.150000000000006,0.2630000000000001,1,2026-04-04,0.0,0.0,0.0,29.56040281605732,0.0,25.451263537906172,19.601559453759734,78.57142857142857
12057,Hillsborough County,FL,2026-03-28,0.0,0.0,FL,27.893154,-82.379991,0.0,0.0,8.150000000000006,0.2630000000000001,1,2026-04-04,0.0,0.0,0.0,29.56040281605732,0.0,25.451263537906172,19.601559453759734,78.57142857142857
12071,Lee County,FL,2026-03-28,0.0,0.0,FL,26.563273,-81.984182,0.0,0.0,8.150000000000006,0.2630000000000001,1,2026-04-04,0.0,0.0,0.0,29.56040281605732,0.0,25.451263537906172,19.601559453759734,78.57142857142857
12073,Leon County,FL,2026-03-28,0.0,0.0,FL,30.45931,-84.2778,0.0,0.0,8.150000000000006,0.2630000000000001,1,2026-04-04,0.0,0.0,0.0,29.56040281605732,0.0,25.451263537906172,19.601559453759734,78.57142857142857
12081,Manatee County,FL,2026-03-28,0.0,0.0,FL,27.475556,-82.393144,0.0,0.0,8.150000000000006,0.2630000000000001,1,2026-04-04,0.0,0.0,0.0,29.56040281605732,0.0,25.451263537906172,19.601559453759734,78.57142857142857
12086,Miami-Dade County,FL,2026-03-28,0.0,0.0,FL,25.616009,-80.50375,0.0,0.0,8.150000000000006,0.2630000000000001,1,2026-04-04,0.0,0.0,0.0,29.56040281605732,0.0,25.451263537906172,19.601559453759734,78.57142857142857
12091,Okaloosa County,FL,2026-03-28,0.0,0.0,FL,30.614325,-86.59108,0.0,0.0,8.150000000000006,0.2630000000000001,1,2026-04-04,0.0,0.0,0.0,29.56040281605732,0.0,25.451263537906172,19.601559453759734,78.57142857142857
12097,Osceola County,FL,2026-03-28,0.0,0.0,FL,28.059027,-81.139312,0.0,0.0,8.150000000000006,0.2630000000000001,1,2026-04-04,0.0,0.0,0.0,29.56040281605732,0.0,25.451263537906172,19.601559453759734,78.57142857142857
12101,Pasco County,FL,2026-03-28,0.0,0.0,FL,28.30474,-82.502367,0.0,0.0,8.150000000000006,0.2630000000000001,1,2026-04-04,0.0,0.0,0.0,29.56040281605732,0.0,25.451263537906172,19.601559453759734,78.57142857142857
12103,Pinellas County,FL,2026-03-28,0.0,0.0,FL,27.905342,-82.798066,0.0,0.0,8.150000000000006,0.2630000000000001,1,2026-04-04,0.0,0.0,0.0,29.56040281605732,0.0,25.451263537906172,19.601559453759734,78.57142857142857
12109,St. Johns County,FL,2026-03-28,0.0,0.0,FL,29.881397,-81.388282,0.0,0.0,8.150000000000006,0.2630000000000001,1,2026-04-04,0.0,0.0,0.0,29.56040281605732,0.0,25.451263537906172,19.601559453759734,78.57142857142857
13029,Bryan County,GA,2026-03-28,0.0,0.0,GA,32.017969,-81.438543,0.0,0.0,9.0,0.28,1,2026-04-04,0.0,0.0,0.0,33.10805276585325,0.0,28.51985559566788,21.815480801712088,88.90977443609023
13121,Fulton County,GA,2026-03-28,0.0,0.0,GA,33.790034,-84.468182,0.0,0.0,9.0,0.28,1,2026-04-04,0.0,0.0,0.0,33.10805276585325,0.0,28.51985559566788,21.815480801712088,88.90977443609023
15003,Honolulu County,HI,2026-03-28,0.0,0.0,HI,21.461365,-158.201974,0.0,0.0,7.799999999999997,0.25599999999999995,1,2026-04-04,0.0,0.0,0.0,28.098655241589423,0.0,24.187725631768952,18.68127063046862,67.66917293233082
16017,Bonner County,ID,2026-03-28,0.0,0.0,ID,48.324634,-116.62745,0.0,0.0,18.0,0.4600000000000001,1,2026-04-04,0.0,0.0,0.0,70.49011821772635,0.0,61.01083032490975,43.60266082596151,99.06015037593986
16019,Bonneville County,ID,2026-03-28,0.0,0.0,ID,43.395171,-111.621878,0.0,0.0,18.0,0.4600000000000001,1,2026-04-04,0.0,0.0,0.0,70.49011821772635,0.0,61.01083032490975,43.60266082596151,99.06015037593986
16021,Boundary County,ID,2026-03-28,0.0,0.0,ID,48.773131,-116.524668,0.0,0.0,18.0,0.4600000000000001,1,2026-04-04,0.0,0.0,0.0,70.49011821772635,0.0,61.01083032490975,43.60266082596151,99.06015037593986
16027,Canyon County,ID,2026-03-28,0.0,0.0,ID,43.625795,-116.709058,0.0,0.0,18.0,0.4600000000000001,1,2026-04-04,0.0,0.0,0.0,70.49011821772635,0.0,61.01083032490975,43.60266082596151,99.06015037593986
16055,Kootenai County,ID,2026-03-28,0.0,0.0,ID,47.67596,-116.695861,0.0,0.0,18.0,0.4600000000000001,1,2026-04-04,0.0,0.0,0.0,70.49011821772635,0.0,61.01083032490975,43.60266082596151,99.06015037593986
16065,Madison County,ID,2026-03-28,0.0,0.0,ID,43.788614,-111.656993,0.0,0.0,18.0,0.4600000000000001,1,2026-04-04,0.0,0.0,0.0,70.49011821772635,0.0,61.01083032490975,43.60266082596151,99.06015037593986
17031,Cook County,IL,2026-03-28,0.0,0.0,IL,41.894294,-87.645455,0.0,0.0,5.450000000000003,0.20900000000000005,1,2026-04-04,0.0,0.0,0.0,18.269148831523466,0.0,15.703971119133596,12.366076159542827,42.29323308270676
17199,Williamson County,IL,2026-03-28,0.0,0.0,IL,37.730353,-88.930018,0.0,0.0,5.450000000000003,0.20900000000000005,1,2026-04-04,0.0,0.0,0.0,18.269148831523466,0.0,15.703971119133596,12.366076159542827,42.29323308270676
18003,Allen County,IN,2026-03-28,0.0,0.0,IN,41.091909,-85.071791,0.0,0.0,5.900000000000006,0.21800000000000008,1,2026-04-04,0.0,0.0,0.0,20.15345389606612,0.0,17.328519855595697,13.594159616127513,43.233082706766915
18089,Lake County,IN,2026-03-28,0.0,0.0,IN,41.472247,-87.374337,0.0,0.0,5.900000000000006,0.21800000000000008,1,2026-04-04,0.0,0.0,0.0,20.15345389606612,0.0,17.328519855595697,13.594159616127513,43.233082706766915
18133,Putnam County,IN,2026-03-28,0.0,0.0,IN,39.665548,-86.853373,0.0,0.0,5.900000000000006,0.21800000000000008,1,2026-04-04,0.0,0.0,0.0,20.15345389606612,0.0,17.328519855595697,13.594159616127513,43.233082706766915
20069,Gray County,KS,2026-03-28,0.0,0.0,KS,37.744513,-100.451715,0.0,0.0,6.299999999999997,0.22599999999999992,1,2026-04-04,0.0,0.0,0.0,21.827559531445413,0.0,18.772563176895307,14.678195088782696,48.1203007518797
20081,Haskell County,KS,2026-03-28,0.0,0.0,KS,37.554979,-100.879952,0.0,0.0,6.299999999999997,0.22599999999999992,1,2026-04-04,0.0,0.0,0.0,21.827559531445413,0.0,18.772563176895307,14.678195088782696,48.1203007518797
20097,Kiowa County,KS,2026-03-28,0.0,0.0,KS,37.561231,-99.286538,0.0,0.0,6.299999999999997,0.22599999999999992,1,2026-04-04,0.0,0.0,0.0,21.827559531445413,0.0,18.772563176895307,14.678195088782696,48.1203007518797
20145,Pawnee County,KS,2026-03-28,0.0,0.0,KS,38.181477,-99.234772,0.0,0.0,6.299999999999997,0.22599999999999992,1,2026-04-04,0.0,0.0,0.0,21.827559531445413,0.0,18.772563176895307,14.678195088782696,48.1203007518797
20189,Stevens County,KS,2026-03-28,0.0,0.0,KS,37.2017,-101.317268,0.0,0.0,6.299999999999997,0.22599999999999992,1,2026-04-04,0.0,0.0,0.0,21.827559531445413,0.0,18.772563176895307,14.678195088782696,48.1203007518797
21067,Fayette County,KY,2026-03-28,0.0,0.0,KY,38.040678,-84.458272,0.0,0.0,7.549999999999997,0.25099999999999995,1,2026-04-04,0.0,0.0,0.0,27.05420512356271,0.0,23.28519855595668,18.02077582952241,59.58646616541353
21073,Franklin County,KY,2026-03-28,0.0,0.0,KY,38.234919,-84.868786,0.0,0.0,7.549999999999997,0.25099999999999995,1,2026-04-04,0.0,0.0,0.0,27.05420512356271,0.0,23.28519855595668,18.02077582952241,59.58646616541353
21111,Jefferson County,KY,2026-03-28,0.0,0.0,KY,38.189532,-85.657624,0.0,0.0,7.549999999999997,0.25099999999999995,1,2026-04-04,0.0,0.0,0.0,27.05420512356271,0.0,23.28519855595668,18.02077582952241,59.58646616541353
21113,Jessamine County,KY,2026-03-28,0.0,0.0,KY,37.873291,-84.58396,0.0,0.0,7.549999999999997,0.25099999999999995,1,2026-04-04,0.0,0.0,0.0,27.05420512356271,0.0,23.28519855595668,18.02077582952241,59.58646616541353
21219,Todd County,KY,2026-03-28,0.0,0.0,KY,36.840338,-87.183642,0.0,0.0,7.549999999999997,0.25099999999999995,1,2026-04-04,0.0,0.0,0.0,27.05420512356271,0.0,23.28519855595668,18.02077582952241,59.58646616541353
21239,Woodford County,KY,2026-03-28,0.0,0.0,KY,38.043103,-84.748855,0.0,0.0,7.549999999999997,0.25099999999999995,1,2026-04-04,0.0,0.0,0.0,27.05420512356271,0.0,23.28519855595668,18.02077582952241,59.58646616541353
22071,Orleans Parish,LA,2026-03-28,0.0,0.0,LA,30.05342,-89.934502,0.0,0.0,5.25,0.205,1,2026-04-04,0.0,0.0,0.0,17.43135803271566,0.0,14.981949458483768,11.817323952106058,21.052631578947366
23019,Penobscot County,ME,2026-03-28,0.0,0.0,ME,45.409284,-68.666616,0.0,0.0,1.5,0.12999999999999998,1,2026-04-04,0.0,0.0,0.0,1.6842335866366933,0.0,1.4440433212996584,1.176458426930994,3.007518796992481
24027,Howard County,MD,2026-03-28,0.0,0.0,MD,39.252264,-76.924406,0.0,0.0,2.9000000000000057,0.1580000000000001,1,2026-04-04,0.0,0.0,0.0,7.571971860966435,0.0,6.4981949458484145,5.2294607273865665,10.338345864661653
24033,Prince George's County,MD,2026-03-28,0.0,0.0,MD,38.829278,-76.848188,0.0,0.0,2.9000000000000057,0.1580000000000001,1,2026-04-04,0.0,0.0,0.0,7.571971860966435,0.0,6.4981949458484145,5.2294607273865665,10.338345864661653
25025,Suffolk County,MA,2026-03-28,0.0,0.0,MA,42.338551,-71.018253,0.0,0.0,2.3499999999999943,0.14699999999999988,1,2026-04-04,0.0,0.0,0.0,5.260226016181911,0.0,4.512635379061369,3.649020011528425,9.398496240601503
26005,Allegan County,MI,2026-03-28,0.0,0.0,MI,42.421251,-86.261403,0.0,0.0,7.599999999999994,0.2519999999999999,1,2026-04-04,0.0,0.0,0.0,27.263118262159587,0.0,23.465703971119126,18.15308572633173,64.09774436090225
26055,Grand Traverse County,MI,2026-03-28,0.0,0.0,MI,44.718688,-85.553848,0.0,0.0,7.599999999999994,0.2519999999999999,1,2026-04-04,0.0,0.0,0.0,27.263118262159587,0.0,23.465703971119126,18.15308572633173,64.09774436090225
26065,Ingham County,MI,2026-03-28,0.0,0.0,MI,42.603534,-84.373811,0.0,0.0,7.599999999999994,0.2519999999999999,1,2026-04-04,0.0,0.0,0.0,27.263118262159587,0.0,23.465703971119126,18.15308572633173,64.09774436090225
26081,Kent County,MI,2026-03-28,0.0,0.0,MI,43.032497,-85.547446,0.0,0.0,7.599999999999994,0.2519999999999999,1,2026-04-04,0.0,0.0,0.0,27.263118262159587,0.0,23.465703971119126,18.15308572633173,64.09774436090225
26099,Macomb County,MI,2026-03-28,0.0,0.0,MI,42.671553,-82.911456,0.0,0.0,7.599999999999994,0.2519999999999999,1,2026-04-04,0.0,0.0,0.0,27.263118262159587,0.0,23.465703971119126,18.15308572633173,64.09774436090225
26103,Marquette County,MI,2026-03-28,0.0,0.0,MI,46.656596,-87.584028,0.0,0.0,7.599999999999994,0.2519999999999999,1,2026-04-04,0.0,0.0,0.0,27.263118262159587,0.0,23.465703971119126,18.15308572633173,64.09774436090225
26115,Monroe County,MI,2026-03-28,0.0,0.0,MI,41.916097,-83.487106,0.0,0.0,7.599999999999994,0.2519999999999999,1,2026-04-04,0.0,0.0,0.0,27.263118262159587,0.0,23.465703971119126,18.15308572633173,64.09774436090225
26117,Montcalm County,MI,2026-03-28,0.0,0.0,MI,43.312782,-85.149468,0.0,0.0,7.599999999999994,0.2519999999999999,1,2026-04-04,0.0,0.0,0.0,27.263118262159587,0.0,23.465703971119126,18.15308572633173,64.09774436090225
26121,Muskegon County,MI,2026-03-28,0.0,0.0,MI,43.428739,-86.420908,0.0,0.0,7.599999999999994,0.2519999999999999,1,2026-04-04,0.0,0.0,0.0,27.263118262159587,0.0,23.465703971119126,18.15308572633173,64.09774436090225
26125,Oakland County,MI,2026-03-28,0.0,0.0,MI,42.660452,-83.38421,0.0,0.0,7.599999999999994,0.2519999999999999,1,2026-04-04,0.0,0.0,0.0,27.263118262159587,0.0,23.465703971119126,18.15308572633173,64.09774436090225
26133,Osceola County,MI,2026-03-28,0.0,0.0,MI,43.997552,-85.322283,0.0,0.0,7.599999999999994,0.2519999999999999,1,2026-04-04,0.0,0.0,0.0,27.263118262159587,0.0,23.465703971119126,18.15308572633173,64.09774436090225
26161,Washtenaw County,MI,2026-03-28,0.0,0.0,MI,42.252217,-83.843423,0.0,0.0,7.599999999999994,0.2519999999999999,1,2026-04-04,0.0,0.0,0.0,27.263118262159587,0.0,23.465703971119126,18.15308572633173,64.09774436090225
27037,Dakota County,MN,2026-03-28,0.0,0.0,MN,44.670893,-93.062481,0.0,0.0,9.700000000000003,0.29400000000000004,1,2026-04-04,0.0,0.0,0.0,36.02723962330565,0.0,31.046931407942253,23.61674299182608,90.0375939849624
27053,Hennepin County,MN,2026-03-28,0.0,0.0,MN,45.006121,-93.475228,0.0,0.0,9.700000000000003,0.29400000000000004,1,2026-04-04,0.0,0.0,0.0,36.02723962330565,0.0,31.046931407942253,23.61674299182608,90.0375939849624
27109,Olmsted County,MN,2026-03-28,0.0,0.0,MN,43.999688,-92.410155,0.0,0.0,9.700000000000003,0.29400000000000004,1,2026-04-04,0.0,0.0,0.0,36.02723962330565,0.0,31.046931407942253,23.61674299182608,90.0375939849624
27163,Washington County,MN,2026-03-28,0.0,0.0,MN,45.037929,-92.890117,0.0,0.0,9.700000000000003,0.29400000000000004,1,2026-04-04,0.0,0.0,0.0,36.02723962330565,0.0,31.046931407942253,23.61674299182608,90.0375939849624
29039,Cedar County,MO,2026-03-28,0.0,0.0,MO,37.733655,-93.850014,0.0,0.0,7.599999999999994,0.2519999999999999,1,2026-04-04,0.0,0.0,0.0,27.263118262159587,0.0,23.465703971119126,18.15308572633173,64.09774436090225
29095,Jackson County,MO,2026-03-28,0.0,0.0,MO,39.005364,-94.343211,0.0,0.0,7.599999999999994,0.2519999999999999,1,2026-04-04,0.0,0.0,0.0,27.263118262159587,0.0,23.465703971119126,18.15308572633173,64.09774436090225
29143,New Madrid County,MO,2026-03-28,0.0,0.0,MO,36.594261,-89.655948,0.0,0.0,7.599999999999994,0.2519999999999999,1,2026-04-04,0.0,0.0,0.0,27.263118262159587,0.0,23.465703971119126,18.15308572633173,64.09774436090225
29213,Taney County,MO,2026-03-28,0.0,0.0,MO,36.649827,-93.042819,0.0,0.0,7.599999999999994,0.2519999999999999,1,2026-04-04,0.0,0.0,0.0,27.263118262159587,0.0,23.465703971119126,18.15308572633173,64.09774436090225
30013,Cascade County,MT,2026-03-28,0.0,0.0,MT,47.316575,-111.350262,0.0,0.0,7.5,0.24999999999999997,1,2026-04-04,0.0,0.0,0.0,26.84528039050824,0.0,23.10469314079424,17.8883601271066,57.330827067669176
30029,Flathead County,MT,2026-03-28,0.0,0.0,MT,48.295422,-114.052059,0.0,0.0,7.5,0.24999999999999997,1,2026-04-04,0.0,0.0,0.0,26.84528039050824,0.0,23.10469314079424,17.8883601271066,57.330827067669176
30031,Gallatin County,MT,2026-03-28,0.0,0.0,MT,45.518054,-111.163921,0.0,0.0,7.5,0.24999999999999997,1,2026-04-04,0.0,0.0,0.0,26.84528039050824,0.0,23.10469314079424,17.8883601271066,57.330827067669176
30041,Hill County,MT,2026-03-28,0.0,0.0,MT,48.631959,-110.106321,0.0,0.0,7.5,0.24999999999999997,1,2026-04-04,0.0,0.0,0.0,26.84528039050824,0.0,23.10469314079424,17.8883601271066,57.330827067669176
30049,Lewis and Clark County,MT,2026-03-28,0.0,0.0,MT,47.122105,-112.38289,0.0,0.0,7.5,0.24999999999999997,1,2026-04-04,0.0,0.0,0.0,26.84528039050824,0.0,23.10469314079424,17.8883601271066,57.330827067669176
30111,Yellowstone County,MT,2026-03-28,0.0,0.0,MT,45.936987,-108.276656,0.0,0.0,7.5,0.24999999999999997,1,2026-04-04,0.0,0.0,0.0,26.84528039050824,0.0,23.10469314079424,17.8883601271066,57.330827067669176
31109,Lancaster County,NE,2026-03-28,0.0,0.0,NE,40.783547,-96.688658,0.0,0.0,4.5,0.18999999999999997,1,2026-04-04,0.0,0.0,0.0,14.287850826617534,0.0,12.274368231046948,9.74315286014411,19.172932330827066
31141,Platte County,NE,2026-03-28,0.0,0.0,NE,41.576866,-97.513467,0.0,0.0,4.5,0.18999999999999997,1,2026-04-04,0.0,0.0,0.0,14.287850826617534,0.0,12.274368231046948,9.74315286014411,19.172932330827066
31161,Sheridan County,NE,2026-03-28,0.0,0.0,NE,42.512289,-102.36828,0.0,0.0,4.5,0.18999999999999997,1,2026-04-04,0.0,0.0,0.0,14.287850826617534,0.0,12.274368231046948,9.74315286014411,19.172932330827066
32003,Clark County,NV,2026-03-28,0.0,0.0,NV,36.21413,-115.014398,0.0,0.0,7.599999999999994,0.2519999999999999,1,2026-04-04,0.0,0.0,0.0,27.263118262159587,0.0,23.465703971119126,18.15308572633173,64.09774436090225
32031,Washoe County,NV,2026-03-28,0.0,0.0,NV,40.73132,-119.663269,0.0,0.0,7.599999999999994,0.2519999999999999,1,2026-04-04,0.0,0.0,0.0,27.263118262159587,0.0,23.465703971119126,18.15308572633173,64.09774436090225
34003,Bergen County,NJ,2026-03-28,0.0,0.0,NJ,40.959698,-74.074727,0.0,0.0,5.950000000000003,0.21900000000000006,1,2026-04-04,0.0,0.0,0.0,20.36275969997842,0.0,17.509025270758144,13.730052793263775,45.48872180451128
34017,Hudson County,NJ,2026-03-28,0.0,0.0,NJ,40.731375,-74.078601,0.0,0.0,5.950000000000003,0.21900000000000006,1,2026-04-04,0.0,0.0,0.0,20.36275969997842,0.0,17.509025270758144,13.730052793263775,45.48872180451128
34029,Ocean County,NJ,2026-03-28,0.0,0.0,NJ,39.865669,-74.258864,0.0,0.0,5.950000000000003,0.21900000000000006,1,2026-04-04,0.0,0.0,0.0,20.36275969997842,0.0,17.509025270758144,13.730052793263775,45.48872180451128
34031,Passaic County,NJ,2026-03-28,0.0,0.0,NJ,41.036655,-74.299408,0.0,0.0,5.950000000000003,0.21900000000000006,1,2026-04-04,0.0,0.0,0.0,20.36275969997842,0.0,17.509025270758144,13.730052793263775,45.48872180451128
35005,Chaves County,NM,2026-03-28,0.0,0.0,NM,33.361604,-104.469837,0.0,0.0,3.5999999999999943,0.17199999999999985,1,2026-04-04,0.0,0.0,0.0,10.511829769107711,0.0,9.025270758122739,7.219357274451061,12.593984962406015
35009,Curry County,NM,2026-03-28,0.0,0.0,NM,34.572984,-103.346055,0.0,0.0,3.5999999999999943,0.17199999999999985,1,2026-04-04,0.0,0.0,0.0,10.511829769107711,0.0,9.025270758122739,7.219357274451061,12.593984962406015
35013,Doña Ana County,NM,2026-03-28,0.0,0.0,NM,32.349919,-106.834968,0.0,0.0,3.5999999999999943,0.17199999999999985,1,2026-04-04,0.0,0.0,0.0,10.511829769107711,0.0,9.025270758122739,7.219357274451061,12.593984962406015
35015,Eddy County,NM,2026-03-28,0.0,0.0,NM,32.457835,-104.306434,0.0,0.0,3.5999999999999943,0.17199999999999985,1,2026-04-04,0.0,0.0,0.0,10.511829769107711,0.0,9.025270758122739,7.219357274451061,12.593984962406015
35023,Hidalgo County,NM,2026-03-28,0.0,0.0,NM,31.898052,-108.751929,0.0,0.0,3.5999999999999943,0.17199999999999985,1,2026-04-04,0.0,0.0,0.0,10.511829769107711,0.0,9.025270758122739,7.219357274451061,12.593984962406015
35025,Lea County,NM,2026-03-28,0.0,0.0,NM,32.795687,-103.413271,0.0,0.0,3.5999999999999943,0.17199999999999985,1,2026-04-04,0.0,0.0,0.0,10.511829769107711,0.0,9.025270758122739,7.219357274451061,12.593984962406015
35029,Luna County,NM,2026-03-28,0.0,0.0,NM,32.184523,-107.747191,0.0,0.0,3.5999999999999943,0.17199999999999985,1,2026-04-04,0.0,0.0,0.0,10.511829769107711,0.0,9.025270758122739,7.219357274451061,12.593984962406015
35043,Sandoval County,NM,2026-03-28,0.0,0.0,NM,35.685091,-106.883119,0.0,0.0,3.5999999999999943,0.17199999999999985,1,2026-04-04,0.0,0.0,0.0,10.511829769107711,0.0,9.025270758122739,7.219357274451061,12.593984962406015
35045,San Juan County,NM,2026-03-28,0.0,0.0,NM,36.511624,-108.324578,0.0,0.0,3.5999999999999943,0.17199999999999985,1,2026-04-04,0.0,0.0,0.0,10.511829769107711,0.0,9.025270758122739,7.219357274451061,12.593984962406015
35049,Santa Fe County,NM,2026-03-28,0.0,0.0,NM,35.514531,-105.963972,0.0,0.0,3.5999999999999943,0.17199999999999985,1,2026-04-04,0.0,0.0,0.0,10.511829769107711,0.0,9.025270758122739,7.219357274451061,12.593984962406015
36061,New York County,NY,2026-03-28,0.0,0.0,NY,40.776642,-73.970187,0.0,0.0,1.1500000000000057,0.12300000000000011,1,2026-04-04,0.0,0.0,0.0,0.21057937838929133,0.0,0.18050541516249655,0.14751522316099772,1.6917293233082706
36069,Ontario County,NY,2026-03-28,0.0,0.0,NY,42.856357,-77.303497,0.0,0.0,1.1500000000000057,0.12300000000000011,1,2026-04-04,0.0,0.0,0.0,0.21057937838929133,0.0,0.18050541516249655,0.14751522316099772,1.6917293233082706
36071,Orange County,NY,2026-03-28,0.0,0.0,NY,41.40241,-74.306252,0.0,0.0,1.1500000000000057,0.12300000000000011,1,2026-04-04,0.0,0.0,0.0,0.21057937838929133,0.0,0.18050541516249655,0.14751522316099772,1.6917293233082706
36079,Putnam County,NY,2026-03-28,0.0,0.0,NY,41.427907,-73.743861,0.0,0.0,1.1500000000000057,0.12300000000000011,1,2026-04-04,0.0,0.0,0.0,0.21057937838929133,0.0,0.18050541516249655,0.14751522316099772,1.6917293233082706
36087,Rockland County,NY,2026-03-28,0.0,0.0,NY,41.154628,-74.024662,0.0,0.0,1.1500000000000057,0.12300000000000011,1,2026-04-04,0.0,0.0,0.0,0.21057937838929133,0.0,0.18050541516249655,0.14751522316099772,1.6917293233082706
36103,Suffolk County,NY,2026-03-28,0.0,0.0,NY,40.943554,-72.692218,0.0,0.0,1.1500000000000057,0.12300000000000011,1,2026-04-04,0.0,0.0,0.0,0.21057937838929133,0.0,0.18050541516249655,0.14751522316099772,1.6917293233082706
37021,Buncombe County,NC,2026-03-28,0.0,0.0,NC,35.609371,-82.530423,0.0,0.0,4.449999999999989,0.18899999999999975,1,2026-04-04,0.0,0.0,0.0,14.078181967213395,0.0,12.09386281588445,9.603946608106055,16.541353383458645
37023,Burke County,NC,2026-03-28,0.0,0.0,NC,35.746182,-81.70618,0.0,0.0,4.449999999999989,0.18899999999999975,1,2026-04-04,0.0,0.0,0.0,14.078181967213395,0.0,12.09386281588445,9.603946608106055,16.541353383458645
37025,Cabarrus County,NC,2026-03-28,0.0,0.0,NC,35.388346,-80.552728,0.0,0.0,4.449999999999989,0.18899999999999975,1,2026-04-04,0.0,0.0,0.0,14.078181967213395,0.0,12.09386281588445,9.603946608106055,16.541353383458645
37081,Guilford County,NC,2026-03-28,0.0,0.0,NC,36.079065,-79.788665,0.0,0.0,4.449999999999989,0.18899999999999975,1,2026-04-04,0.0,0.0,0.0,14.078181967213395,0.0,12.09386281588445,9.603946608106055,16.541353383458645
37101,Johnston County,NC,2026-03-28,0.0,0.0,NC,35.513419,-78.367348,0.0,0.0,4.449999999999989,0.18899999999999975,1,2026-04-04,0.0,0.0,0.0,14.078181967213395,0.0,12.09386281588445,9.603946608106055,16.541353383458645
37109,Lincoln County,NC,2026-03-28,0.0,0.0,NC,35.488491,-81.226893,0.0,0.0,4.449999999999989,0.18899999999999975,1,2026-04-04,0.0,0.0,0.0,14.078181967213395,0.0,12.09386281588445,9.603946608106055,16.541353383458645
37119,Mecklenburg County,NC,2026-03-28,0.0,0.0,NC,35.246862,-80.833832,0.0,0.0,4.449999999999989,0.18899999999999975,1,2026-04-04,0.0,0.0,0.0,14.078181967213395,0.0,12.09386281588445,9.603946608106055,16.541353383458645
37127,Nash County,NC,2026-03-28,0.0,0.0,NC,35.965945,-77.987555,0.0,0.0,4.449999999999989,0.18899999999999975,1,2026-04-04,0.0,0.0,0.0,14.078181967213395,0.0,12.09386281588445,9.603946608106055,16.541353383458645
37149,Polk County,NC,2026-03-28,0.0,0.0,NC,35.277901,-82.167621,0.0,0.0,4.449999999999989,0.18899999999999975,1,2026-04-04,0.0,0.0,0.0,14.078181967213395,0.0,12.09386281588445,9.603946608106055,16.541353383458645
37161,Rutherford County,NC,2026-03-28,0.0,0.0,NC,35.402747,-81.919582,0.0,0.0,4.449999999999989,0.18899999999999975,1,2026-04-04,0.0,0.0,0.0,14.078181967213395,0.0,12.09386281588445,9.603946608106055,16.541353383458645
37179,Union County,NC,2026-03-28,0.0,0.0,NC,34.99182,-80.530426,0.0,0.0,4.449999999999989,0.18899999999999975,1,2026-04-04,0.0,0.0,0.0,14.078181967213395,0.0,12.09386281588445,9.603946608106055,16.541353383458645
38013,Burke County,ND,2026-03-28,0.0,0.0,ND,48.786453,-102.520087,0.0,0.0,8.5,0.27,1,2026-04-04,0.0,0.0,0.0,31.021592998222648,0.0,26.714801444043335,20.516761775153377,85.90225563909775
38017,Cass County,ND,2026-03-28,0.0,0.0,ND,46.927003,-97.252375,0.0,0.0,8.5,0.27,1,2026-04-04,0.0,0.0,0.0,31.021592998222648,0.0,26.714801444043335,20.516761775153377,85.90225563909775
38035,Grand Forks County,ND,2026-03-28,0.0,0.0,ND,47.926003,-97.450851,0.0,0.0,8.5,0.27,1,2026-04-04,0.0,0.0,0.0,31.021592998222648,0.0,26.714801444043335,20.516761775153377,85.90225563909775
38067,Pembina County,ND,2026-03-28,0.0,0.0,ND,48.766896,-97.545405,0.0,0.0,8.5,0.27,1,2026-04-04,0.0,0.0,0.0,31.021592998222648,0.0,26.714801444043335,20.516761775153377,85.90225563909775
38073,Ransom County,ND,2026-03-28,0.0,0.0,ND,46.449276,-97.647554,0.0,0.0,8.5,0.27,1,2026-04-04,0.0,0.0,0.0,31.021592998222648,0.0,26.714801444043335,20.516761775153377,85.90225563909775
38097,Traill County,ND,2026-03-28,0.0,0.0,ND,47.446271,-97.164636,0.0,0.0,8.5,0.27,1,2026-04-04,0.0,0.0,0.0,31.021592998222648,0.0,26.714801444043335,20.516761775153377,85.90225563909775
38099,Walsh County,ND,2026-03-28,0.0,0.0,ND,48.376979,-97.72223,0.0,0.0,8.5,0.27,1,2026-04-04,0.0,0.0,0.0,31.021592998222648,0.0,26.714801444043335,20.516761775153377,85.90225563909775
38105,Williams County,ND,2026-03-28,0.0,0.0,ND,48.355765,-103.501333,0.0,0.0,8.5,0.27,1,2026-04-04,0.0,0.0,0.0,31.021592998222648,0.0,26.714801444043335,20.516761775153377,85.90225563909775
39003,Allen County,OH,2026-03-28,0.0,0.0,OH,40.771627,-84.106103,0.0,0.0,7.950000000000003,0.25900000000000006,1,2026-04-04,0.0,0.0,0.0,28.72518713714455,0.0,24.729241877256335,19.07630658812143,69.54887218045113
39007,Ashtabula County,OH,2026-03-28,0.0,0.0,OH,41.906637,-80.745592,0.0,0.0,7.950000000000003,0.25900000000000006,1,2026-04-04,0.0,0.0,0.0,28.72518713714455,0.0,24.729241877256335,19.07630658812143,69.54887218045113
39035,Cuyahoga County,OH,2026-03-28,0.0,0.0,OH,41.555037,-81.604957,0.0,0.0,7.950000000000003,0.25900000000000006,1,2026-04-04,0.0,0.0,0.0,28.72518713714455,0.0,24.729241877256335,19.07630658812143,69.54887218045113
39039,Defiance County,OH,2026-03-28,0.0,0.0,OH,41.321679,-84.486433,0.0,0.0,7.950000000000003,0.25900000000000006,1,2026-04-04,0.0,0.0,0.0,28.72518713714455,0.0,24.729241877256335,19.07630658812143,69.54887218045113
39049,Franklin County,OH,2026-03-28,0.0,0.0,OH,39.969875,-83.009086,0.0,0.0,7.950000000000003,0.25900000000000006,1,2026-04-04,0.0,0.0,0.0,28.72518713714455,0.0,24.729241877256335,19.07630658812143,69.54887218045113
39075,Holmes County,OH,2026-03-28,0.0,0.0,OH,40.565597,-81.930001,0.0,0.0,7.950000000000003,0.25900000000000006,1,2026-04-04,0.0,0.0,0.0,28.72518713714455,0.0,24.729241877256335,19.07630658812143,69.54887218045113
39083,Knox County,OH,2026-03-28,0.0,0.0,OH,40.40362,-82.422393,0.0,0.0,7.950000000000003,0.25900000000000006,1,2026-04-04,0.0,0.0,0.0,28.72518713714455,0.0,24.729241877256335,19.07630658812143,69.54887218045113
39119,Muskingum County,OH,2026-03-28,0.0,0.0,OH,39.966046,-81.943506,0.0,0.0,7.950000000000003,0.25900000000000006,1,2026-04-04,0.0,0.0,0.0,28.72518713714455,0.0,24.729241877256335,19.07630658812143,69.54887218045113
39123,Ottawa County,OH,2026-03-28,0.0,0.0,OH,41.545495,-83.012613,0.0,0.0,7.950000000000003,0.25900000000000006,1,2026-04-04,0.0,0.0,0.0,28.72518713714455,0.0,24.729241877256335,19.07630658812143,69.54887218045113
40109,Oklahoma County,OK,2026-03-28,0.0,0.0,OK,35.554611,-97.409401,0.0,0.0,8.349999999999994,0.2669999999999999,1,2026-04-04,0.0,0.0,0.0,30.39543649120286,0.0,26.17328519855595,20.125151437999342,81.57894736842105
41005,Clackamas County,OR,2026-03-28,0.0,0.0,OR,45.160493,-122.195127,0.0,0.0,8.950000000000003,0.279,1,2026-04-04,0.0,0.0,0.0,32.89945691395991,0.0,28.33935018050543,21.686066315213058,87.96992481203007
41043,Linn County,OR,2026-03-28,0.0,0.0,OR,44.488898,-122.537208,0.0,0.0,8.950000000000003,0.279,1,2026-04-04,0.0,0.0,0.0,32.89945691395991,0.0,28.33935018050543,21.686066315213058,87.96992481203007
41051,Multnomah County,OR,2026-03-28,0.0,0.0,OR,45.547711,-122.417363,0.0,0.0,8.950000000000003,0.279,1,2026-04-04,0.0,0.0,0.0,32.89945691395991,0.0,28.33935018050543,21.686066315213058,87.96992481203007
42017,Bucks County,PA,2026-03-28,0.0,0.0,PA,40.336887,-75.10706,0.0,0.0,6.799999999999997,0.23599999999999993,1,2026-04-04,0.0,0.0,0.0,23.91910623511347,0.0,20.577617328519857,16.023335118449257,53.75939849624061
42029,Chester County,PA,2026-03-28,0.0,0.0,PA,39.974029,-75.749751,0.0,0.0,6.799999999999997,0.23599999999999993,1,2026-04-04,0.0,0.0,0.0,23.91910623511347,0.0,20.577617328519857,16.023335118449257,53.75939849624061
42041,Cumberland County,PA,2026-03-28,0.0,0.0,PA,40.164805,-77.263442,0.0,0.0,6.799999999999997,0.23599999999999993,1,2026-04-04,0.0,0.0,0.0,23.91910623511347,0.0,20.577617328519857,16.023335118449257,53.75939849624061
42049,Erie County,PA,2026-03-28,0.0,0.0,PA,42.117952,-80.096386,0.0,0.0,6.799999999999997,0.23599999999999993,1,2026-04-04,0.0,0.0,0.0,23.91910623511347,0.0,20.577617328519857,16.023335118449257,53.75939849624061
42071,Lancaster County,PA,2026-03-28,0.0,0.0,PA,40.041992,-76.250198,0.0,0.0,6.799999999999997,0.23599999999999993,1,2026-04-04,0.0,0.0,0.0,23.91910623511347,0.0,20.577617328519857,16.023335118449257,53.75939849624061
42091,Montgomery County,PA,2026-03-28,0.0,0.0,PA,40.209999,-75.370201,0.0,0.0,6.799999999999997,0.23599999999999993,1,2026-04-04,0.0,0.0,0.0,23.91910623511347,0.0,20.577617328519857,16.023335118449257,53.75939849624061
42101,Philadelphia County,PA,2026-03-28,0.0,0.0,PA,40.009376,-75.133346,0.0,0.0,6.799999999999997,0.23599999999999993,1,2026-04-04,0.0,0.0,0.0,23.91910623511347,0.0,20.577617328519857,16.023335118449257,53.75939849624061
44007,Providence County,RI,2026-03-28,0.0,0.0,RI,41.869768,-71.578625,0.0,0.0,2.549999999999997,0.15099999999999994,1,2026-04-04,0.0,0.0,0.0,6.101052291366198,0.0,5.2346570397112,4.225472559065557,9.774436090225564
45085,Sumter County,SC,2026-03-28,0.0,0.0,SC,33.91614,-80.382376,0.0,0.0,6.699999999999989,0.23399999999999974,1,2026-04-04,0.0,0.0,0.0,23.50089253392437,0.0,20.216606498194913,15.755179874343828,52.255639097744364
46011,Brookings County,SD,2026-03-28,0.0,0.0,SD,44.376675,-96.797797,0.0,0.0,8.400000000000006,0.2680000000000001,1,2026-04-04,0.0,0.0,0.0,30.604166606598774,0.0,26.35379061371844,20.25579115053259,83.0827067669173
46013,Brown County,SD,2026-03-28,0.0,0.0,SD,45.589254,-98.352175,0.0,0.0,8.400000000000006,0.2680000000000001,1,2026-04-04,0.0,0.0,0.0,30.604166606598774,0.0,26.35379061371844,20.25579115053259,83.0827067669173
46019,Butte County,SD,2026-03-28,0.0,0.0,SD,44.896226,-103.501436,0.0,0.0,8.400000000000006,0.2680000000000001,1,2026-04-04,0.0,0.0,0.0,30.604166606598774,0.0,26.35379061371844,20.25579115053259,83.0827067669173
46051,Grant County,SD,2026-03-28,0.0,0.0,SD,45.172637,-96.772261,0.0,0.0,8.400000000000006,0.2680000000000001,1,2026-04-04,0.0,0.0,0.0,30.604166606598774,0.0,26.35379061371844,20.25579115053259,83.0827067669173
46083,Lincoln County,SD,2026-03-28,0.0,0.0,SD,43.279422,-96.722288,0.0,0.0,8.400000000000006,0.2680000000000001,1,2026-04-04,0.0,0.0,0.0,30.604166606598774,0.0,26.35379061371844,20.25579115053259,83.0827067669173
46093,Meade County,SD,2026-03-28,0.0,0.0,SD,44.605282,-102.714169,0.0,0.0,8.400000000000006,0.2680000000000001,1,2026-04-04,0.0,0.0,0.0,30.604166606598774,0.0,26.35379061371844,20.25579115053259,83.0827067669173
46103,Pennington County,SD,2026-03-28,0.0,0.0,SD,44.002349,-102.823801,0.0,0.0,8.400000000000006,0.2680000000000001,1,2026-04-04,0.0,0.0,0.0,30.604166606598774,0.0,26.35379061371844,20.25579115053259,83.0827067669173
48003,Andrews County,TX,2026-03-28,0.0,0.0,TX,32.312258,-102.640206,0.0,0.0,5.400000000000006,0.2080000000000001,1,2026-04-04,0.0,0.0,0.0,18.059719804320316,0.0,15.523465703971153,12.229058504189112,31.57894736842105
48013,Atascosa County,TX,2026-03-28,0.0,0.0,TX,28.891478,-98.535381,0.0,0.0,5.400000000000006,0.2080000000000001,1,2026-04-04,0.0,0.0,0.0,18.059719804320316,0.0,15.523465703971153,12.229058504189112,31.57894736842105
48017,Bailey County,TX,2026-03-28,0.0,0.0,TX,34.067521,-102.830345,0.0,0.0,5.400000000000006,0.2080000000000001,1,2026-04-04,0.0,0.0,0.0,18.059719804320316,0.0,15.523465703971153,12.229058504189112,31.57894736842105
48019,Bandera County,TX,2026-03-28,0.0,0.0,TX,29.756389,-99.248285,0.0,0.0,5.400000000000006,0.2080000000000001,1,2026-04-04,0.0,0.0,0.0,18.059719804320316,0.0,15.523465703971153,12.229058504189112,31.57894736842105
48027,Bell County,TX,2026-03-28,0.0,0.0,TX,31.037009,-97.479635,0.0,0.0,5.400000000000006,0.2080000000000001,1,2026-04-04,0.0,0.0,0.0,18.059719804320316,0.0,15.523465703971153,12.229058504189112,31.57894736842105
48029,Bexar County,TX,2026-03-28,0.0,0.0,TX,29.448671,-98.520147,0.0,0.0,5.400000000000006,0.2080000000000001,1,2026-04-04,0.0,0.0,0.0,18.059719804320316,0.0,15.523465703971153,12.229058504189112,31.57894736842105
48033,Borden County,TX,2026-03-28,0.0,0.0,TX,32.73859,-101.439199,0.0,0.0,5.400000000000006,0.2080000000000001,1,2026-04-04,0.0,0.0,0.0,18.059719804320316,0.0,15.523465703971153,12.229058504189112,31.57894736842105
48039,Brazoria County,TX,2026-03-28,0.0,0.0,TX,29.167817,-95.434647,0.0,0.0,5.400000000000006,0.2080000000000001,1,2026-04-04,0.0,0.0,0.0,18.059719804320316,0.0,15.523465703971153,12.229058504189112,31.57894736842105
48043,Brewster County,TX,2026-03-28,0.0,0.0,TX,29.808997,-103.252458,0.0,0.0,5.400000000000006,0.2080000000000001,1,2026-04-04,0.0,0.0,0.0,18.059719804320316,0.0,15.523465703971153,12.229058504189112,31.57894736842105
48049,Brown County,TX,2026-03-28,0.0,0.0,TX,31.764137,-98.998456,0.0,0.0,5.400000000000006,0.2080000000000001,1,2026-04-04,0.0,0.0,0.0,18.059719804320316,0.0,15.523465703971153,12.229058504189112,31.57894736842105
48065,Carson County,TX,2026-03-28,0.0,0.0,TX,35.405496,-101.355356,0.0,0.0,5.400000000000006,0.2080000000000001,1,2026-04-04,0.0,0.0,0.0,18.059719804320316,0.0,15.523465703971153,12.229058504189112,31.57894736842105
48079,Cochran County,TX,2026-03-28,0.0,0.0,TX,33.60844,-102.830449,0.0,0.0,5.400000000000006,0.2080000000000001,1,2026-04-04,0.0,0.0,0.0,18.059719804320316,0.0,15.523465703971153,12.229058504189112,31.57894736842105
48085,Collin County,TX,2026-03-28,0.0,0.0,TX,33.194482,-96.579428,0.0,0.0,5.400000000000006,0.2080000000000001,1,2026-04-04,0.0,0.0,0.0,18.059719804320316,0.0,15.523465703971153,12.229058504189112,31.57894736842105
48111,Dallam County,TX,2026-03-28,0.0,0.0,TX,36.28637,-102.59402,0.0,0.0,5.400000000000006,0.2080000000000001,1,2026-04-04,0.0,0.0,0.0,18.059719804320316,0.0,15.523465703971153,12.229058504189112,31.57894736842105
48113,Dallas County,TX,2026-03-28,0.0,0.0,TX,32.766987,-96.778424,0.0,0.0,5.400000000000006,0.2080000000000001,1,2026-04-04,0.0,0.0,0.0,18.059719804320316,0.0,15.523465703971153,12.229058504189112,31.57894736842105
48115,Dawson County,TX,2026-03-28,0.0,0.0,TX,32.742528,-101.948771,0.0,0.0,5.400000000000006,0.2080000000000001,1,2026-04-04,0.0,0.0,0.0,18.059719804320316,0.0,15.523465703971153,12.229058504189112,31.57894736842105
48121,Denton County,TX,2026-03-28,0.0,0.0,TX,33.205132,-97.12114,0.0,0.0,5.400000000000006,0.2080000000000001,1,2026-04-04,0.0,0.0,0.0,18.059719804320316,0.0,15.523465703971153,12.229058504189112,31.57894736842105
48133,Eastland County,TX,2026-03-28,0.0,0.0,TX,32.324645,-98.83656,0.0,0.0,5.400000000000006,0.2080000000000001,1,2026-04-04,0.0,0.0,0.0,18.059719804320316,0.0,15.523465703971153,12.229058504189112,31.57894736842105
48135,Ector County,TX,2026-03-28,0.0,0.0,TX,31.865301,-102.542507,0.0,0.0,5.400000000000006,0.2080000000000001,1,2026-04-04,0.0,0.0,0.0,18.059719804320316,0.0,15.523465703971153,12.229058504189112,31.57894736842105
48141,El Paso County,TX,2026-03-28,0.0,0.0,TX,31.766456,-106.24152,0.0,0.0,5.400000000000006,0.2080000000000001,1,2026-04-04,0.0,0.0,0.0,18.059719804320316,0.0,15.523465703971153,12.229058504189112,31.57894736842105
48143,Erath County,TX,2026-03-28,0.0,0.0,TX,32.236207,-98.218336,0.0,0.0,5.400000000000006,0.2080000000000001,1,2026-04-04,0.0,0.0,0.0,18.059719804320316,0.0,15.523465703971153,12.229058504189112,31.57894736842105
48147,Fannin County,TX,2026-03-28,0.0,0.0,TX,33.591161,-96.104988,0.0,0.0,5.400000000000006,0.2080000000000001,1,2026-04-04,0.0,0.0,0.0,18.059719804320316,0.0,15.523465703971153,12.229058504189112,31.57894736842105
48157,Fort Bend County,TX,2026-03-28,0.0,0.0,TX,29.526602,-95.771015,0.0,0.0,5.400000000000006,0.2080000000000001,1,2026-04-04,0.0,0.0,0.0,18.059719804320316,0.0,15.523465703971153,12.229058504189112,31.57894736842105
48163,Frio County,TX,2026-03-28,0.0,0.0,TX,28.869383,-99.109005,0.0,0.0,5.400000000000006,0.2080000000000001,1,2026-04-04,0.0,0.0,0.0,18.059719804320316,0.0,15.523465703971153,12.229058504189112,31.57894736842105
48165,Gaines County,TX,2026-03-28,0.0,0.0,TX,32.743942,-102.631561,0.0,0.0,5.400000000000006,0.2080000000000001,1,2026-04-04,0.0,0.0,0.0,18.059719804320316,0.0,15.523465703971153,12.229058504189112,31.57894736842105
48169,Garza County,TX,2026-03-28,0.0,0.0,TX,33.183792,-101.301134,0.0,0.0,5.400000000000006,0.2080000000000001,1,2026-04-04,0.0,0.0,0.0,18.059719804320316,0.0,15.523465703971153,12.229058504189112,31.57894736842105
48189,Hale County,TX,2026-03-28,0.0,0.0,TX,34.068436,-101.822888,0.0,0.0,5.400000000000006,0.2080000000000001,1,2026-04-04,0.0,0.0,0.0,18.059719804320316,0.0,15.523465703971153,12.229058504189112,31.57894736842105
48197,Hardeman County,TX,2026-03-28,0.0,0.0,TX,34.289904,-99.745697,0.0,0.0,5.400000000000006,0.2080000000000001,1,2026-04-04,0.0,0.0,0.0,18.059719804320316,0.0,15.523465703971153,12.229058504189112,31.57894736842105
48201,Harris County,TX,2026-03-28,0.0,0.0,TX,29.857273,-95.393037,0.0,0.0,5.400000000000006,0.2080000000000001,1,2026-04-04,0.0,0.0,0.0,18.059719804320316,0.0,15.523465703971153,12.229058504189112,31.57894736842105
48203,Harrison County,TX,2026-03-28,0.0,0.0,TX,32.547991,-94.374434,0.0,0.0,5.400000000000006,0.2080000000000001,1,2026-04-04,0.0,0.0,0.0,18.059719804320316,0.0,15.523465703971153,12.229058504189112,31.57894736842105
48209,Hays County,TX,2026-03-28,0.0,0.0,TX,30.061225,-98.029267,0.0,0.0,5.400000000000006,0.2080000000000001,1,2026-04-04,0.0,0.0,0.0,18.059719804320316,0.0,15.523465703971153,12.229058504189112,31.57894736842105
48219,Hockley County,TX,2026-03-28,0.0,0.0,TX,33.605932,-102.343398,0.0,0.0,5.400000000000006,0.2080000000000001,1,2026-04-04,0.0,0.0,0.0,18.059719804320316,0.0,15.523465703971153,12.229058504189112,31.57894736842105
48229,Hudspeth County,TX,2026-03-28,0.0,0.0,TX,31.450868,-105.377549,0.0,0.0,5.400000000000006,0.2080000000000001,1,2026-04-04,0.0,0.0,0.0,18.059719804320316,0.0,15.523465703971153,12.229058504189112,31.57894736842105
48259,Kendall County,TX,2026-03-28,0.0,0.0,TX,29.943525,-98.709269,0.0,0.0,5.400000000000006,0.2080000000000001,1,2026-04-04,0.0,0.0,0.0,18.059719804320316,0.0,15.523465703971153,12.229058504189112,31.57894736842105
48277,Lamar County,TX,2026-03-28,0.0,0.0,TX,33.667263,-95.570348,0.0,0.0,5.400000000000006,0.2080000000000001,1,2026-04-04,0.0,0.0,0.0,18.059719804320316,0.0,15.523465703971153,12.229058504189112,31.57894736842105
48279,Lamb County,TX,2026-03-28,0.0,0.0,TX,34.068861,-102.348018,0.0,0.0,5.400000000000006,0.2080000000000001,1,2026-04-04,0.0,0.0,0.0,18.059719804320316,0.0,15.523465703971153,12.229058504189112,31.57894736842105
48303,Lubbock County,TX,2026-03-28,0.0,0.0,TX,33.611469,-101.819944,0.0,0.0,5.400000000000006,0.2080000000000001,1,2026-04-04,0.0,0.0,0.0,18.059719804320316,0.0,15.523465703971153,12.229058504189112,31.57894736842105
48305,Lynn County,TX,2026-03-28,0.0,0.0,TX,33.178412,-101.818493,0.0,0.0,5.400000000000006,0.2080000000000001,1,2026-04-04,0.0,0.0,0.0,18.059719804320316,0.0,15.523465703971153,12.229058504189112,31.57894736842105
48309,McLennan County,TX,2026-03-28,0.0,0.0,TX,31.549596,-97.201511,0.0,0.0,5.400000000000006,0.2080000000000001,1,2026-04-04,0.0,0.0,0.0,18.059719804320316,0.0,15.523465703971153,12.229058504189112,31.57894736842105
48317,Martin County,TX,2026-03-28,0.0,0.0,TX,32.30983,-101.961836,0.0,0.0,5.400000000000006,0.2080000000000001,1,2026-04-04,0.0,0.0,0.0,18.059719804320316,0.0,15.523465703971153,12.229058504189112,31.57894736842105
48329,Midland County,TX,2026-03-28,0.0,0.0,TX,31.814269,-102.002454,0.0,0.0,5.400000000000006,0.2080000000000001,1,2026-04-04,0.0,0.0,0.0,18.059719804320316,0.0,15.523465703971153,12.229058504189112,31.57894736842105
48369,Parmer County,TX,2026-03-28,0.0,0.0,TX,34.532163,-102.784853,0.0,0.0,5.400000000000006,0.2080000000000001,1,2026-04-04,0.0,0.0,0.0,18.059719804320316,0.0,15.523465703971153,12.229058504189112,31.57894736842105
48375,Potter County,TX,2026-03-28,0.0,0.0,TX,35.398675,-101.893804,0.0,0.0,5.400000000000006,0.2080000000000001,1,2026-04-04,0.0,0.0,0.0,18.059719804320316,0.0,15.523465703971153,12.229058504189112,31.57894736842105
48379,Rains County,TX,2026-03-28,0.0,0.0,TX,32.870457,-95.795613,0.0,0.0,5.400000000000006,0.2080000000000001,1,2026-04-04,0.0,0.0,0.0,18.059719804320316,0.0,15.523465703971153,12.229058504189112,31.57894736842105
48381,Randall County,TX,2026-03-28,0.0,0.0,TX,34.962529,-101.895547,0.0,0.0,5.400000000000006,0.2080000000000001,1,2026-04-04,0.0,0.0,0.0,18.059719804320316,0.0,15.523465703971153,12.229058504189112,31.57894736842105
48389,Reeves County,TX,2026-03-28,0.0,0.0,TX,31.308366,-103.712706,0.0,0.0,5.400000000000006,0.2080000000000001,1,2026-04-04,0.0,0.0,0.0,18.059719804320316,0.0,15.523465703971153,12.229058504189112,31.57894736842105
48397,Rockwall County,TX,2026-03-28,0.0,0.0,TX,32.90028,-96.412049,0.0,0.0,5.400000000000006,0.2080000000000001,1,2026-04-04,0.0,0.0,0.0,18.059719804320316,0.0,15.523465703971153,12.229058504189112,31.57894736842105
48415,Scurry County,TX,2026-03-28,0.0,0.0,TX,32.744353,-100.913346,0.0,0.0,5.400000000000006,0.2080000000000001,1,2026-04-04,0.0,0.0,0.0,18.059719804320316,0.0,15.523465703971153,12.229058504189112,31.57894736842105
48417,Shackelford County,TX,2026-03-28,0.0,0.0,TX,32.74382,-99.347005,0.0,0.0,5.400000000000006,0.2080000000000001,1,2026-04-04,0.0,0.0,0.0,18.059719804320316,0.0,15.523465703971153,12.229058504189112,31.57894736842105
48439,Tarrant County,TX,2026-03-28,0.0,0.0,TX,32.772119,-97.291224,0.0,0.0,5.400000000000006,0.2080000000000001,1,2026-04-04,0.0,0.0,0.0,18.059719804320316,0.0,15.523465703971153,12.229058504189112,31.57894736842105
48445,Terry County,TX,2026-03-28,0.0,0.0,TX,33.171229,-102.339284,0.0,0.0,5.400000000000006,0.2080000000000001,1,2026-04-04,0.0,0.0,0.0,18.059719804320316,0.0,15.523465703971153,12.229058504189112,31.57894736842105
48453,Travis County,TX,2026-03-28,0.0,0.0,TX,30.239513,-97.69127,0.0,0.0,5.400000000000006,0.2080000000000001,1,2026-04-04,0.0,0.0,0.0,18.059719804320316,0.0,15.523465703971153,12.229058504189112,31.57894736842105
48459,Upshur County,TX,2026-03-28,0.0,0.0,TX,32.735349,-94.941184,0.0,0.0,5.400000000000006,0.2080000000000001,1,2026-04-04,0.0,0.0,0.0,18.059719804320316,0.0,15.523465703971153,12.229058504189112,31.57894736842105
48491,Williamson County,TX,2026-03-28,0.0,0.0,TX,30.649082,-97.605065,0.0,0.0,5.400000000000006,0.2080000000000001,1,2026-04-04,0.0,0.0,0.0,18.059719804320316,0.0,15.523465703971153,12.229058504189112,31.57894736842105
48501,Yoakum County,TX,2026-03-28,0.0,0.0,TX,33.162339,-102.832241,0.0,0.0,5.400000000000006,0.2080000000000001,1,2026-04-04,0.0,0.0,0.0,18.059719804320316,0.0,15.523465703971153,12.229058504189112,31.57894736842105
49011,Davis County,UT,2026-03-28,0.0,0.0,UT,41.037559,-112.201943,0.0,0.0,10.5,0.31000000000000005,1,2026-04-04,0.0,0.0,0.0,39.360854873994214,0.0,33.93501805054152,25.651617473086972,94.54887218045113
49035,Salt Lake County,UT,2026-03-28,0.0,0.0,UT,40.667883,-111.92424,0.0,0.0,10.5,0.31000000000000005,1,2026-04-04,0.0,0.0,0.0,39.360854873994214,0.0,33.93501805054152,25.651617473086972,94.54887218045113
49037,San Juan County,UT,2026-03-28,0.0,0.0,UT,37.602633,-109.791574,0.0,0.0,10.5,0.31000000000000005,1,2026-04-04,0.0,0.0,0.0,39.360854873994214,0.0,33.93501805054152,25.651617473086972,94.54887218045113
49043,Summit County,UT,2026-03-28,0.0,0.0,UT,40.87206,-110.968486,0.0,0.0,10.5,0.31000000000000005,1,2026-04-04,0.0,0.0,0.0,39.360854873994214,0.0,33.93501805054152,25.651617473086972,94.54887218045113
49045,Tooele County,UT,2026-03-28,0.0,0.0,UT,40.467753,-113.123979,0.0,0.0,10.5,0.31000000000000005,1,2026-04-04,0.0,0.0,0.0,39.360854873994214,0.0,33.93501805054152,25.651617473086972,94.54887218045113
49049,Utah County,UT,2026-03-28,0.0,0.0,UT,40.120418,-111.668563,0.0,0.0,10.5,0.31000000000000005,1,2026-04-04,0.0,0.0,0.0,39.360854873994214,0.0,33.93501805054152,25.651617473086972,94.54887218045113
49051,Wasatch County,UT,2026-03-28,0.0,0.0,UT,40.334884,-111.161568,0.0,0.0,10.5,0.31000000000000005,1,2026-04-04,0.0,0.0,0.0,39.360854873994214,0.0,33.93501805054152,25.651617473086972,94.54887218045113
49057,Weber County,UT,2026-03-28,0.0,0.0,UT,41.270325,-111.876883,0.0,0.0,10.5,0.31000000000000005,1,2026-04-04,0.0,0.0,0.0,39.360854873994214,0.0,33.93501805054152,25.651617473086972,94.54887218045113
50015,Lamoille County,VT,2026-03-28,0.0,0.0,VT,44.611192,-72.632659,0.0,0.0,4.950000000000003,0.19900000000000004,1,2026-04-04,0.0,0.0,0.0,16.174296518958595,0.0,13.898916967509052,10.990770686524458,20.48872180451128
50023,Washington County,VT,2026-03-28,0.0,0.0,VT,44.274969,-72.609444,0.0,0.0,4.950000000000003,0.19900000000000004,1,2026-04-04,0.0,0.0,0.0,16.174296518958595,0.0,13.898916967509052,10.990770686524458,20.48872180451128
53011,Clark County,WA,2026-03-28,0.0,0.0,WA,45.77173,-122.485953,0.0,0.0,6.549999999999997,0.23099999999999993,1,2026-04-04,0.0,0.0,0.0,22.873482562808213,0.0,19.675090252707584,15.352131009107776,50.56390977443609
53025,Grant County,WA,2026-03-28,0.0,0.0,WA,47.213633,-119.467788,0.0,0.0,6.549999999999997,0.23099999999999993,1,2026-04-04,0.0,0.0,0.0,22.873482562808213,0.0,19.675090252707584,15.352131009107776,50.56390977443609
53033,King County,WA,2026-03-28,0.0,0.0,WA,47.490552,-121.833977,0.0,0.0,6.549999999999997,0.23099999999999993,1,2026-04-04,0.0,0.0,0.0,22.873482562808213,0.0,19.675090252707584,15.352131009107776,50.56390977443609
53037,Kittitas County,WA,2026-03-28,0.0,0.0,WA,47.124441,-120.676709,0.0,0.0,6.549999999999997,0.23099999999999993,1,2026-04-04,0.0,0.0,0.0,22.873482562808213,0.0,19.675090252707584,15.352131009107776,50.56390977443609
53061,Snohomish County,WA,2026-03-28,0.0,0.0,WA,48.054913,-121.765038,0.0,0.0,6.549999999999997,0.23099999999999993,1,2026-04-04,0.0,0.0,0.0,22.873482562808213,0.0,19.675090252707584,15.352131009107776,50.56390977443609
53063,Spokane County,WA,2026-03-28,0.0,0.0,WA,47.620375,-117.403371,0.0,0.0,6.549999999999997,0.23099999999999993,1,2026-04-04,0.0,0.0,0.0,22.873482562808213,0.0,19.675090252707584,15.352131009107776,50.56390977443609
53065,Stevens County,WA,2026-03-28,0.0,0.0,WA,48.388728,-117.854455,0.0,0.0,6.549999999999997,0.23099999999999993,1,2026-04-04,0.0,0.0,0.0,22.873482562808213,0.0,19.675090252707584,15.352131009107776,50.56390977443609
53073,Whatcom County,WA,2026-03-28,0.0,0.0,WA,48.842653,-121.836432,0.0,0.0,6.549999999999997,0.23099999999999993,1,2026-04-04,0.0,0.0,0.0,22.873482562808213,0.0,19.675090252707584,15.352131009107776,50.56390977443609
55025,Dane County,WI,2026-03-28,0.0,0.0,WI,43.067468,-89.417852,0.0,0.0,11.099999999999994,0.3219999999999999,1,2026-04-04,0.0,0.0,0.0,41.859286225290774,0.0,36.101083032490955,27.16152909377759,96.61654135338345
55083,Oconto County,WI,2026-03-28,0.0,0.0,WI,44.996575,-88.206516,0.0,0.0,11.099999999999994,0.3219999999999999,1,2026-04-04,0.0,0.0,0.0,41.859286225290774,0.0,36.101083032490955,27.16152909377759,96.61654135338345
55133,Waukesha County,WI,2026-03-28,0.0,0.0,WI,43.018368,-88.30424,0.0,0.0,11.099999999999994,0.3219999999999999,1,2026-04-04,0.0,0.0,0.0,41.859286225290774,0.0,36.101083032490955,27.16152909377759,96.61654135338345
56007,Carbon County,WY,2026-03-28,0.0,0.0,WY,41.70359,-106.933153,0.0,0.0,5.950000000000003,0.21900000000000006,1,2026-04-04,0.0,0.0,0.0,20.36275969997842,0.0,17.509025270758144,13.730052793263775,45.48872180451128
56013,Fremont County,WY,2026-03-28,0.0,0.0,WY,43.054831,-108.608935,0.0,0.0,5.950000000000003,0.21900000000000006,1,2026-04-04,0.0,0.0,0.0,20.36275969997842,0.0,17.509025270758144,13.730052793263775,45.48872180451128
56025,Natrona County,WY,2026-03-28,0.0,0.0,WY,42.977645,-106.768219,0.0,0.0,5.950000000000003,0.21900000000000006,1,2026-04-04,0.0,0.0,0.0,20.36275969997842,0.0,17.509025270758144,13.730052793263775,45.48872180451128
56027,Niobrara County,WY,2026-03-28,0.0,0.0,WY,43.062159,-104.468373,0.0,0.0,5.950000000000003,0.21900000000000006,1,2026-04-04,0.0,0.0,0.0,20.36275969997842,0.0,17.509025270758144,13.730052793263775,45.48872180451128
56029,Park County,WY,2026-03-28,0.0,0.0,WY,44.492387,-109.593597,0.0,0.0,5.950000000000003,0.21900000000000006,1,2026-04-04,0.0,0.0,0.0,20.36275969997842,0.0,17.509025270758144,13.730052793263775,45.48872180451128
02020,Anchorage Municipality,AK,2026-03-28,0.0,0.0,AK,61.17425,-149.284329,0.0,0.0,13.900000000000006,0.3780000000000001,2,2026-04-11,0.0,0.0,0.0,61.24992802395604,0.0,56.245487364620956,49.95895241343781,97.55639097744361
02122,Kenai Peninsula Borough,AK,2026-03-28,0.0,0.0,AK,60.366668,-152.322283,0.0,0.0,13.900000000000006,0.3780000000000001,2,2026-04-11,0.0,0.0,0.0,61.24992802395604,0.0,56.245487364620956,49.95895241343781,97.55639097744361
04005,Coconino County,AZ,2026-03-28,0.0,0.0,AZ,35.829692,-111.773728,0.0,0.0,9.849999999999994,0.29699999999999993,2,2026-04-11,0.0,0.0,0.0,42.32364345465942,0.0,38.7003610108303,36.91856392157281,91.9172932330827
04013,Maricopa County,AZ,2026-03-28,0.0,0.0,AZ,33.345176,-112.49893,0.0,0.0,9.849999999999994,0.29699999999999993,2,2026-04-11,0.0,0.0,0.0,42.32364345465942,0.0,38.7003610108303,36.91856392157281,91.9172932330827
04015,Mohave County,AZ,2026-03-28,0.0,0.0,AZ,35.717705,-113.749689,0.0,0.0,9.849999999999994,0.29699999999999993,2,2026-04-11,0.0,0.0,0.0,42.32364345465942,0.0,38.7003610108303,36.91856392157281,91.9172932330827
04017,Navajo County,AZ,2026-03-28,0.0,0.0,AZ,35.390785,-110.321025,0.0,0.0,9.849999999999994,0.29699999999999993,2,2026-04-11,0.0,0.0,0.0,42.32364345465942,0.0,38.7003610108303,36.91856392157281,91.9172932330827
04019,Pima County,AZ,2026-03-28,0.0,0.0,AZ,32.128038,-111.783657,0.0,0.0,9.849999999999994,0.29699999999999993,2,2026-04-11,0.0,0.0,0.0,42.32364345465942,0.0,38.7003610108303,36.91856392157281,91.9172932330827
04021,Pinal County,AZ,2026-03-28,0.0,0.0,AZ,32.918521,-111.366339,0.0,0.0,9.849999999999994,0.29699999999999993,2,2026-04-11,0.0,0.0,0.0,42.32364345465942,0.0,38.7003610108303,36.91856392157281,91.9172932330827
05007,Benton County,AR,2026-03-28,0.0,0.0,AR,36.337819,-94.256298,0.0,0.0,6.950000000000003,0.23900000000000005,2,2026-04-11,0.0,0.0,0.0,28.71554660519171,0.0,26.137184115523485,27.07049696259488,55.639097744360896
05045,Faulkner County,AR,2026-03-28,0.0,0.0,AR,35.146548,-92.336928,0.0,0.0,6.950000000000003,0.23900000000000005,2,2026-04-11,0.0,0.0,0.0,28.71554660519171,0.0,26.137184115523485,27.07049696259488,55.639097744360896
05125,Saline County,AR,2026-03-28,0.0,0.0,AR,34.648525,-92.674463,0.0,0.0,6.950000000000003,0.23900000000000005,2,2026-04-11,0.0,0.0,0.0,28.71554660519171,0.0,26.137184115523485,27.07049696259488,55.639097744360896
06013,Contra Costa County,CA,2026-03-28,0.0,0.0,CA,37.919479,-121.951543,0.0,0.0,2.0,0.13999999999999999,2,2026-04-11,0.0,0.0,0.0,5.3655769171132786,0.0,4.693140794223847,9.14430078877408,6.203007518796992
06019,Fresno County,CA,2026-03-28,0.0,0.0,CA,36.761006,-119.655019,0.0,0.0,2.0,0.13999999999999999,2,2026-04-11,0.0,0.0,0.0,5.3655769171132786,0.0,4.693140794223847,9.14430078877408,6.203007518796992
06037,Los Angeles County,CA,2026-03-28,0.0,0.0,CA,34.196398,-118.261862,0.0,0.0,2.0,0.13999999999999999,2,2026-04-11,0.0,0.0,0.0,5.3655769171132786,0.0,4.693140794223847,9.14430078877408,6.203007518796992
06055,Napa County,CA,2026-03-28,0.0,0.0,CA,38.5071,-122.325904,0.0,0.0,2.0,0.13999999999999999,2,2026-04-11,0.0,0.0,0.0,5.3655769171132786,0.0,4.693140794223847,9.14430078877408,6.203007518796992
06059,Orange County,CA,2026-03-28,0.0,0.0,CA,33.675687,-117.777207,0.0,0.0,2.0,0.13999999999999999,2,2026-04-11,0.0,0.0,0.0,5.3655769171132786,0.0,4.693140794223847,9.14430078877408,6.203007518796992
06061,Placer County,CA,2026-03-28,0.0,0.0,CA,39.062032,-120.722718,0.0,0.0,2.0,0.13999999999999999,2,2026-04-11,0.0,0.0,0.0,5.3655769171132786,0.0,4.693140794223847,9.14430078877408,6.203007518796992
06065,Riverside County,CA,2026-03-28,0.0,0.0,CA,33.729828,-116.002239,0.0,0.0,2.0,0.13999999999999999,2,2026-04-11,0.0,0.0,0.0,5.3655769171132786,0.0,4.693140794223847,9.14430078877408,6.203007518796992
06067,Sacramento County,CA,2026-03-28,0.0,0.0,CA,38.450136,-121.344329,0.0,0.0,2.0,0.13999999999999999,2,2026-04-11,0.0,0.0,0.0,5.3655769171132786,0.0,4.693140794223847,9.14430078877408,6.203007518796992
06073,San Diego County,CA,2026-03-28,0.0,0.0,CA,33.023604,-116.776117,0.0,0.0,2.0,0.13999999999999999,2,2026-04-11,0.0,0.0,0.0,5.3655769171132786,0.0,4.693140794223847,9.14430078877408,6.203007518796992
06079,San Luis Obispo County,CA,2026-03-28,0.0,0.0,CA,35.388189,-120.448897,0.0,0.0,2.0,0.13999999999999999,2,2026-04-11,0.0,0.0,0.0,5.3655769171132786,0.0,4.693140794223847,9.14430078877408,6.203007518796992
06081,San Mateo County,CA,2026-03-28,0.0,0.0,CA,37.414672,-122.371546,0.0,0.0,2.0,0.13999999999999999,2,2026-04-11,0.0,0.0,0.0,5.3655769171132786,0.0,4.693140794223847,9.14430078877408,6.203007518796992
06085,Santa Clara County,CA,2026-03-28,0.0,0.0,CA,37.221614,-121.68954,0.0,0.0,2.0,0.13999999999999999,2,2026-04-11,0.0,0.0,0.0,5.3655769171132786,0.0,4.693140794223847,9.14430078877408,6.203007518796992
06089,Shasta County,CA,2026-03-28,0.0,0.0,CA,40.760514,-122.043556,0.0,0.0,2.0,0.13999999999999999,2,2026-04-11,0.0,0.0,0.0,5.3655769171132786,0.0,4.693140794223847,9.14430078877408,6.203007518796992
06107,Tulare County,CA,2026-03-28,0.0,0.0,CA,36.228834,-118.781055,0.0,0.0,2.0,0.13999999999999999,2,2026-04-11,0.0,0.0,0.0,5.3655769171132786,0.0,4.693140794223847,9.14430078877408,6.203007518796992
06109,Tuolumne County,CA,2026-03-28,0.0,0.0,CA,38.021434,-119.964733,0.0,0.0,2.0,0.13999999999999999,2,2026-04-11,0.0,0.0,0.0,5.3655769171132786,0.0,4.693140794223847,9.14430078877408,6.203007518796992
06113,Yolo County,CA,2026-03-28,0.0,0.0,CA,38.679609,-121.90275,0.0,0.0,2.0,0.13999999999999999,2,2026-04-11,0.0,0.0,0.0,5.3655769171132786,0.0,4.693140794223847,9.14430078877408,6.203007518796992
08001,Adams County,CO,2026-03-28,0.0,0.0,CO,39.874325,-104.331872,0.0,0.0,8.099999999999994,0.2619999999999999,2,2026-04-11,0.0,0.0,0.0,34.117786332796406,0.0,31.1191335740072,31.029837873248457,73.49624060150376
08005,Arapahoe County,CO,2026-03-28,0.0,0.0,CO,39.644554,-104.331706,0.0,0.0,8.099999999999994,0.2619999999999999,2,2026-04-11,0.0,0.0,0.0,34.117786332796406,0.0,31.1191335740072,31.029837873248457,73.49624060150376
08007,Archuleta County,CO,2026-03-28,0.0,0.0,CO,37.202395,-107.050863,0.0,0.0,8.099999999999994,0.2619999999999999,2,2026-04-11,0.0,0.0,0.0,34.117786332796406,0.0,31.1191335740072,31.029837873248457,73.49624060150376
08013,Boulder County,CO,2026-03-28,0.0,0.0,CO,40.094971,-105.39771,0.0,0.0,8.099999999999994,0.2619999999999999,2,2026-04-11,0.0,0.0,0.0,34.117786332796406,0.0,31.1191335740072,31.029837873248457,73.49624060150376
08014,Broomfield County,CO,2026-03-28,0.0,0.0,CO,39.953877,-105.050898,0.0,0.0,8.099999999999994,0.2619999999999999,2,2026-04-11,0.0,0.0,0.0,34.117786332796406,0.0,31.1191335740072,31.029837873248457,73.49624060150376
08031,Denver County,CO,2026-03-28,0.0,0.0,CO,39.76185,-104.881105,0.0,0.0,8.099999999999994,0.2619999999999999,2,2026-04-11,0.0,0.0,0.0,34.117786332796406,0.0,31.1191335740072,31.029837873248457,73.49624060150376
08041,El Paso County,CO,2026-03-28,0.0,0.0,CO,38.8311,-104.527681,0.0,0.0,8.099999999999994,0.2619999999999999,2,2026-04-11,0.0,0.0,0.0,34.117786332796406,0.0,31.1191335740072,31.029837873248457,73.49624060150376
08077,Mesa County,CO,2026-03-28,0.0,0.0,CO,39.019524,-108.460571,0.0,0.0,8.099999999999994,0.2619999999999999,2,2026-04-11,0.0,0.0,0.0,34.117786332796406,0.0,31.1191335740072,31.029837873248457,73.49624060150376
08083,Montezuma County,CO,2026-03-28,0.0,0.0,CO,37.338025,-108.595786,0.0,0.0,8.099999999999994,0.2619999999999999,2,2026-04-11,0.0,0.0,0.0,34.117786332796406,0.0,31.1191335740072,31.029837873248457,73.49624060150376
08101,Pueblo County,CO,2026-03-28,0.0,0.0,CO,38.162765,-104.484668,0.0,0.0,8.099999999999994,0.2619999999999999,2,2026-04-11,0.0,0.0,0.0,34.117786332796406,0.0,31.1191335740072,31.029837873248457,73.49624060150376
08109,Saguache County,CO,2026-03-28,0.0,0.0,CO,38.031651,-106.234666,0.0,0.0,8.099999999999994,0.2619999999999999,2,2026-04-11,0.0,0.0,0.0,34.117786332796406,0.0,31.1191335740072,31.029837873248457,73.49624060150376
08123,Weld County,CO,2026-03-28,0.0,0.0,CO,40.555961,-104.383666,0.0,0.0,8.099999999999994,0.2619999999999999,2,2026-04-11,0.0,0.0,0.0,34.117786332796406,0.0,31.1191335740072,31.029837873248457,73.49624060150376
09170,South Central Connecticut Planning Region,CT,2026-03-28,0.0,0.0,CT,41.290167,-72.837024,0.0,0.0,1.0999999999999943,0.12199999999999987,2,2026-04-11,0.0,0.0,0.0,1.1018629134333546,0.0,0.7942238267147967,5.718314810224387,0.37593984962406013
11001,District of Columbia,DC,2026-03-28,0.0,0.0,DC,38.904243,-77.016524,0.0,0.0,4.849999999999994,0.19699999999999987,2,2026-04-11,0.0,0.0,0.0,18.82938858333386,0.0,17.039711191335726,19.646948380241327,19.924812030075188
12001,Alachua County,FL,2026-03-28,0.0,0.0,FL,29.67574,-82.357221,0.0,0.0,8.150000000000006,0.2630000000000001,2,2026-04-11,0.0,0.0,0.0,34.352486492541395,0.0,31.335740072202203,31.20034210011204,78.57142857142857
12011,Broward County,FL,2026-03-28,0.0,0.0,FL,26.193535,-80.476683,0.0,0.0,8.150000000000006,0.2630000000000001,2,2026-04-11,0.0,0.0,0.0,34.352486492541395,0.0,31.335740072202203,31.20034210011204,78.57142857142857
12021,Collier County,FL,2026-03-28,0.0,0.0,FL,26.118786,-81.400955,0.0,0.0,8.150000000000006,0.2630000000000001,2,2026-04-11,0.0,0.0,0.0,34.352486492541395,0.0,31.335740072202203,31.20034210011204,78.57142857142857
12031,Duval County,FL,2026-03-28,0.0,0.0,FL,30.335245,-81.648113,0.0,0.0,8.150000000000006,0.2630000000000001,2,2026-04-11,0.0,0.0,0.0,34.352486492541395,0.0,31.335740072202203,31.20034210011204,78.57142857142857
12033,Escambia County,FL,2026-03-28,0.0,0.0,FL,30.529998,-87.320322,0.0,0.0,8.150000000000006,0.2630000000000001,2,2026-04-11,0.0,0.0,0.0,34.352486492541395,0.0,31.335740072202203,31.20034210011204,78.57142857142857
12057,Hillsborough County,FL,2026-03-28,0.0,0.0,FL,27.893154,-82.379991,0.0,0.0,8.150000000000006,0.2630000000000001,2,2026-04-11,0.0,0.0,0.0,34.352486492541395,0.0,31.335740072202203,31.20034210011204,78.57142857142857
12071,Lee County,FL,2026-03-28,0.0,0.0,FL,26.563273,-81.984182,0.0,0.0,8.150000000000006,0.2630000000000001,2,2026-04-11,0.0,0.0,0.0,34.352486492541395,0.0,31.335740072202203,31.20034210011204,78.57142857142857
12073,Leon County,FL,2026-03-28,0.0,0.0,FL,30.45931,-84.2778,0.0,0.0,8.150000000000006,0.2630000000000001,2,2026-04-11,0.0,0.0,0.0,34.352486492541395,0.0,31.335740072202203,31.20034210011204,78.57142857142857
12081,Manatee County,FL,2026-03-28,0.0,0.0,FL,27.475556,-82.393144,0.0,0.0,8.150000000000006,0.2630000000000001,2,2026-04-11,0.0,0.0,0.0,34.352486492541395,0.0,31.335740072202203,31.20034210011204,78.57142857142857
12086,Miami-Dade County,FL,2026-03-28,0.0,0.0,FL,25.616009,-80.50375,0.0,0.0,8.150000000000006,0.2630000000000001,2,2026-04-11,0.0,0.0,0.0,34.352486492541395,0.0,31.335740072202203,31.20034210011204,78.57142857142857
12091,Okaloosa County,FL,2026-03-28,0.0,0.0,FL,30.614325,-86.59108,0.0,0.0,8.150000000000006,0.2630000000000001,2,2026-04-11,0.0,0.0,0.0,34.352486492541395,0.0,31.335740072202203,31.20034210011204,78.57142857142857
12097,Osceola County,FL,2026-03-28,0.0,0.0,FL,28.059027,-81.139312,0.0,0.0,8.150000000000006,0.2630000000000001,2,2026-04-11,0.0,0.0,0.0,34.352486492541395,0.0,31.335740072202203,31.20034210011204,78.57142857142857
12101,Pasco County,FL,2026-03-28,0.0,0.0,FL,28.30474,-82.502367,0.0,0.0,8.150000000000006,0.2630000000000001,2,2026-04-11,0.0,0.0,0.0,34.352486492541395,0.0,31.335740072202203,31.20034210011204,78.57142857142857
12103,Pinellas County,FL,2026-03-28,0.0,0.0,FL,27.905342,-82.798066,0.0,0.0,8.150000000000006,0.2630000000000001,2,2026-04-11,0.0,0.0,0.0,34.352486492541395,0.0,31.335740072202203,31.20034210011204,78.57142857142857
12109,St. Johns County,FL,2026-03-28,0.0,0.0,FL,29.881397,-81.388282,0.0,0.0,8.150000000000006,0.2630000000000001,2,2026-04-11,0.0,0.0,0.0,34.352486492541395,0.0,31.335740072202203,31.20034210011204,78.57142857142857
13029,Bryan County,GA,2026-03-28,0.0,0.0,GA,32.017969,-81.438543,0.0,0.0,9.0,0.28,2,2026-04-11,0.0,0.0,0.0,38.34014560181491,0.0,35.018050541516246,34.0784398524501,88.90977443609023
13121,Fulton County,GA,2026-03-28,0.0,0.0,GA,33.790034,-84.468182,0.0,0.0,9.0,0.28,2,2026-04-11,0.0,0.0,0.0,38.34014560181491,0.0,35.018050541516246,34.0784398524501,88.90977443609023
15003,Honolulu County,HI,2026-03-28,0.0,0.0,HI,21.461365,-158.201974,0.0,0.0,7.799999999999997,0.25599999999999995,2,2026-04-11,0.0,0.0,0.0,32.709273515040685,0.0,29.81949458483754,30.0039666298336,67.66917293233082
16017,Bonner County,ID,2026-03-28,0.0,0.0,ID,48.324634,-116.62745,0.0,0.0,18.0,0.4600000000000001,2,2026-04-11,0.0,0.0,0.0,80.32674547848423,0.0,74.00722021660648,62.40177388397434,99.06015037593986
16019,Bonneville County,ID,2026-03-28,0.0,0.0,ID,43.395171,-111.621878,0.0,0.0,18.0,0.4600000000000001,2,2026-04-11,0.0,0.0,0.0,80.32674547848423,0.0,74.00722021660648,62.40177388397434,99.06015037593986
16021,Boundary County,ID,2026-03-28,0.0,0.0,ID,48.773131,-116.524668,0.0,0.0,18.0,0.4600000000000001,2,2026-04-11,0.0,0.0,0.0,80.32674547848423,0.0,74.00722021660648,62.40177388397434,99.06015037593986
16027,Canyon County,ID,2026-03-28,0.0,0.0,ID,43.625795,-116.709058,0.0,0.0,18.0,0.4600000000000001,2,2026-04-11,0.0,0.0,0.0,80.32674547848423,0.0,74.00722021660648,62.40177388397434,99.06015037593986
16055,Kootenai County,ID,2026-03-28,0.0,0.0,ID,47.67596,-116.695861,0.0,0.0,18.0,0.4600000000000001,2,2026-04-11,0.0,0.0,0.0,80.32674547848423,0.0,74.00722021660648,62.40177388397434,99.06015037593986
16065,Madison County,ID,2026-03-28,0.0,0.0,ID,43.788614,-111.656993,0.0,0.0,18.0,0.4600000000000001,2,2026-04-11,0.0,0.0,0.0,80.32674547848423,0.0,74.00722021660648,62.40177388397434,99.06015037593986
17031,Cook County,IL,2026-03-28,0.0,0.0,IL,41.894294,-87.645455,0.0,0.0,5.450000000000003,0.20900000000000005,2,2026-04-11,0.0,0.0,0.0,21.65688187587709,0.0,19.63898916967511,21.79421381763006,42.29323308270676
17199,Williamson County,IL,2026-03-28,0.0,0.0,IL,37.730353,-88.930018,0.0,0.0,5.450000000000003,0.20900000000000005,2,2026-04-11,0.0,0.0,0.0,21.65688187587709,0.0,19.63898916967511,21.79421381763006,42.29323308270676
18003,Allen County,IN,2026-03-28,0.0,0.0,IN,41.091909,-85.071791,0.0,0.0,5.900000000000006,0.21800000000000008,2,2026-04-11,0.0,0.0,0.0,23.77597419924427,0.0,21.588447653429636,23.390722311190153,43.233082706766915
18089,Lake County,IN,2026-03-28,0.0,0.0,IN,41.472247,-87.374337,0.0,0.0,5.900000000000006,0.21800000000000008,2,2026-04-11,0.0,0.0,0.0,23.77597419924427,0.0,21.588447653429636,23.390722311190153,43.233082706766915
18133,Putnam County,IN,2026-03-28,0.0,0.0,IN,39.665548,-86.853373,0.0,0.0,5.900000000000006,0.21800000000000008,2,2026-04-11,0.0,0.0,0.0,23.77597419924427,0.0,21.588447653429636,23.390722311190153,43.233082706766915
20069,Gray County,KS,2026-03-28,0.0,0.0,KS,37.744513,-100.451715,0.0,0.0,6.299999999999997,0.22599999999999992,2,2026-04-11,0.0,0.0,0.0,25.658529960314432,0.0,23.32129963898916,24.79996842564189,48.1203007518797
20081,Haskell County,KS,2026-03-28,0.0,0.0,KS,37.554979,-100.879952,0.0,0.0,6.299999999999997,0.22599999999999992,2,2026-04-11,0.0,0.0,0.0,25.658529960314432,0.0,23.32129963898916,24.79996842564189,48.1203007518797
20097,Kiowa County,KS,2026-03-28,0.0,0.0,KS,37.561231,-99.286538,0.0,0.0,6.299999999999997,0.22599999999999992,2,2026-04-11,0.0,0.0,0.0,25.658529960314432,0.0,23.32129963898916,24.79996842564189,48.1203007518797
20145,Pawnee County,KS,2026-03-28,0.0,0.0,KS,38.181477,-99.234772,0.0,0.0,6.299999999999997,0.22599999999999992,2,2026-04-11,0.0,0.0,0.0,25.658529960314432,0.0,23.32129963898916,24.79996842564189,48.1203007518797
20189,Stevens County,KS,2026-03-28,0.0,0.0,KS,37.2017,-101.317268,0.0,0.0,6.299999999999997,0.22599999999999992,2,2026-04-11,0.0,0.0,0.0,25.658529960314432,0.0,23.32129963898916,24.79996842564189,48.1203007518797
21067,Fayette County,KY,2026-03-28,0.0,0.0,KY,38.040678,-84.458272,0.0,0.0,7.549999999999997,0.25099999999999995,2,2026-04-11,0.0,0.0,0.0,31.535101839682792,0.0,28.736462093862805,29.145323388603526,59.58646616541353
21073,Franklin County,KY,2026-03-28,0.0,0.0,KY,38.234919,-84.868786,0.0,0.0,7.549999999999997,0.25099999999999995,2,2026-04-11,0.0,0.0,0.0,31.535101839682792,0.0,28.736462093862805,29.145323388603526,59.58646616541353
21111,Jefferson County,KY,2026-03-28,0.0,0.0,KY,38.189532,-85.657624,0.0,0.0,7.549999999999997,0.25099999999999995,2,2026-04-11,0.0,0.0,0.0,31.535101839682792,0.0,28.736462093862805,29.145323388603526,59.58646616541353
21113,Jessamine County,KY,2026-03-28,0.0,0.0,KY,37.873291,-84.58396,0.0,0.0,7.549999999999997,0.25099999999999995,2,2026-04-11,0.0,0.0,0.0,31.535101839682792,0.0,28.736462093862805,29.145323388603526,59.58646616541353
21219,Todd County,KY,2026-03-28,0.0,0.0,KY,36.840338,-87.183642,0.0,0.0,7.549999999999997,0.25099999999999995,2,2026-04-11,0.0,0.0,0.0,31.535101839682792,0.0,28.736462093862805,29.145323388603526,59.58646616541353
21239,Woodford County,KY,2026-03-28,0.0,0.0,KY,38.043103,-84.748855,0.0,0.0,7.549999999999997,0.25099999999999995,2,2026-04-11,0.0,0.0,0.0,31.535101839682792,0.0,28.736462093862805,29.145323388603526,59.58646616541353
22071,Orleans Parish,LA,2026-03-28,0.0,0.0,LA,30.05342,-89.934502,0.0,0.0,5.25,0.205,2,2026-04-11,0.0,0.0,0.0,20.714644619888418,0.0,18.772563176895318,21.080835947962267,21.052631578947366
23019,Penobscot County,ME,2026-03-28,0.0,0.0,ME,45.409284,-68.666616,0.0,0.0,1.5,0.12999999999999998,2,2026-04-11,0.0,0.0,0.0,2.9975850111381326,0.0,2.5270758122743873,7.247710765234677,3.007518796992481
24027,Howard County,MD,2026-03-28,0.0,0.0,MD,39.252264,-76.924406,0.0,0.0,2.9000000000000057,0.1580000000000001,2,2026-04-11,0.0,0.0,0.0,9.623409290536575,0.0,8.592057761732892,12.516613755826924,10.338345864661653
24033,Prince George's County,MD,2026-03-28,0.0,0.0,MD,38.829278,-76.848188,0.0,0.0,2.9000000000000057,0.1580000000000001,2,2026-04-11,0.0,0.0,0.0,9.623409290536575,0.0,8.592057761732892,12.516613755826924,10.338345864661653
25025,Suffolk County,MA,2026-03-28,0.0,0.0,MA,42.338551,-71.018253,0.0,0.0,2.3499999999999943,0.14699999999999988,2,2026-04-11,0.0,0.0,0.0,7.022089344085715,0.0,6.209386281588441,10.462040825211337,9.398496240601503
26005,Allegan County,MI,2026-03-28,0.0,0.0,MI,42.421251,-86.261403,0.0,0.0,7.599999999999994,0.2519999999999999,2,2026-04-11,0.0,0.0,0.0,31.769966224243376,0.0,28.95306859205775,29.317326254455644,64.09774436090225
26055,Grand Traverse County,MI,2026-03-28,0.0,0.0,MI,44.718688,-85.553848,0.0,0.0,7.599999999999994,0.2519999999999999,2,2026-04-11,0.0,0.0,0.0,31.769966224243376,0.0,28.95306859205775,29.317326254455644,64.09774436090225
26065,Ingham County,MI,2026-03-28,0.0,0.0,MI,42.603534,-84.373811,0.0,0.0,7.599999999999994,0.2519999999999999,2,2026-04-11,0.0,0.0,0.0,31.769966224243376,0.0,28.95306859205775,29.317326254455644,64.09774436090225
26081,Kent County,MI,2026-03-28,0.0,0.0,MI,43.032497,-85.547446,0.0,0.0,7.599999999999994,0.2519999999999999,2,2026-04-11,0.0,0.0,0.0,31.769966224243376,0.0,28.95306859205775,29.317326254455644,64.09774436090225
26099,Macomb County,MI,2026-03-28,0.0,0.0,MI,42.671553,-82.911456,0.0,0.0,7.599999999999994,0.2519999999999999,2,2026-04-11,0.0,0.0,0.0,31.769966224243376,0.0,28.95306859205775,29.317326254455644,64.09774436090225
26103,Marquette County,MI,2026-03-28,0.0,0.0,MI,46.656596,-87.584028,0.0,0.0,7.599999999999994,0.2519999999999999,2,2026-04-11,0.0,0.0,0.0,31.769966224243376,0.0,28.95306859205775,29.317326254455644,64.09774436090225
26115,Monroe County,MI,2026-03-28,0.0,0.0,MI,41.916097,-83.487106,0.0,0.0,7.599999999999994,0.2519999999999999,2,2026-04-11,0.0,0.0,0.0,31.769966224243376,0.0,28.95306859205775,29.317326254455644,64.09774436090225
26117,Montcalm County,MI,2026-03-28,0.0,0.0,MI,43.312782,-85.149468,0.0,0.0,7.599999999999994,0.2519999999999999,2,2026-04-11,0.0,0.0,0.0,31.769966224243376,0.0,28.95306859205775,29.317326254455644,64.09774436090225
26121,Muskegon County,MI,2026-03-28,0.0,0.0,MI,43.428739,-86.420908,0.0,0.0,7.599999999999994,0.2519999999999999,2,2026-04-11,0.0,0.0,0.0,31.769966224243376,0.0,28.95306859205775,29.317326254455644,64.09774436090225
26125,Oakland County,MI,2026-03-28,0.0,0.0,MI,42.660452,-83.38421,0.0,0.0,7.599999999999994,0.2519999999999999,2,2026-04-11,0.0,0.0,0.0,31.769966224243376,0.0,28.95306859205775,29.317326254455644,64.09774436090225
26133,Osceola County,MI,2026-03-28,0.0,0.0,MI,43.997552,-85.322283,0.0,0.0,7.599999999999994,0.2519999999999999,2,2026-04-11,0.0,0.0,0.0,31.769966224243376,0.0,28.95306859205775,29.317326254455644,64.09774436090225
26161,Washtenaw County,MI,2026-03-28,0.0,0.0,MI,42.252217,-83.843423,0.0,0.0,7.599999999999994,0.2519999999999999,2,2026-04-11,0.0,0.0,0.0,31.769966224243376,0.0,28.95306859205775,29.317326254455644,64.09774436090225
27037,Dakota County,MN,2026-03-28,0.0,0.0,MN,44.670893,-93.062481,0.0,0.0,9.700000000000003,0.29400000000000004,2,2026-04-11,0.0,0.0,0.0,41.62097077788791,0.0,38.0505415162455,36.420080699598294,90.0375939849624
27053,Hennepin County,MN,2026-03-28,0.0,0.0,MN,45.006121,-93.475228,0.0,0.0,9.700000000000003,0.29400000000000004,2,2026-04-11,0.0,0.0,0.0,41.62097077788791,0.0,38.0505415162455,36.420080699598294,90.0375939849624
27109,Olmsted County,MN,2026-03-28,0.0,0.0,MN,43.999688,-92.410155,0.0,0.0,9.700000000000003,0.29400000000000004,2,2026-04-11,0.0,0.0,0.0,41.62097077788791,0.0,38.0505415162455,36.420080699598294,90.0375939849624
27163,Washington County,MN,2026-03-28,0.0,0.0,MN,45.037929,-92.890117,0.0,0.0,9.700000000000003,0.29400000000000004,2,2026-04-11,0.0,0.0,0.0,41.62097077788791,0.0,38.0505415162455,36.420080699598294,90.0375939849624
29039,Cedar County,MO,2026-03-28,0.0,0.0,MO,37.733655,-93.850014,0.0,0.0,7.599999999999994,0.2519999999999999,2,2026-04-11,0.0,0.0,0.0,31.769966224243376,0.0,28.95306859205775,29.317326254455644,64.09774436090225
29095,Jackson County,MO,2026-03-28,0.0,0.0,MO,39.005364,-94.343211,0.0,0.0,7.599999999999994,0.2519999999999999,2,2026-04-11,0.0,0.0,0.0,31.769966224243376,0.0,28.95306859205775,29.317326254455644,64.09774436090225
29143,New Madrid County,MO,2026-03-28,0.0,0.0,MO,36.594261,-89.655948,0.0,0.0,7.599999999999994,0.2519999999999999,2,2026-04-11,0.0,0.0,0.0,31.769966224243376,0.0,28.95306859205775,29.317326254455644,64.09774436090225
29213,Taney County,MO,2026-03-28,0.0,0.0,MO,36.649827,-93.042819,0.0,0.0,7.599999999999994,0.2519999999999999,2,2026-04-11,0.0,0.0,0.0,31.769966224243376,0.0,28.95306859205775,29.317326254455644,64.09774436090225
30013,Cascade County,MT,2026-03-28,0.0,0.0,MT,47.316575,-111.350262,0.0,0.0,7.5,0.24999999999999997,2,2026-04-11,0.0,0.0,0.0,31.300222382327327,0.0,28.51985559566788,28.97318297546297,57.330827067669176
30029,Flathead County,MT,2026-03-28,0.0,0.0,MT,48.295422,-114.052059,0.0,0.0,7.5,0.24999999999999997,2,2026-04-11,0.0,0.0,0.0,31.300222382327327,0.0,28.51985559566788,28.97318297546297,57.330827067669176
30031,Gallatin County,MT,2026-03-28,0.0,0.0,MT,45.518054,-111.163921,0.0,0.0,7.5,0.24999999999999997,2,2026-04-11,0.0,0.0,0.0,31.300222382327327,0.0,28.51985559566788,28.97318297546297,57.330827067669176
30041,Hill County,MT,2026-03-28,0.0,0.0,MT,48.631959,-110.106321,0.0,0.0,7.5,0.24999999999999997,2,2026-04-11,0.0,0.0,0.0,31.300222382327327,0.0,28.51985559566788,28.97318297546297,57.330827067669176
30049,Lewis and Clark County,MT,2026-03-28,0.0,0.0,MT,47.122105,-112.38289,0.0,0.0,7.5,0.24999999999999997,2,2026-04-11,0.0,0.0,0.0,31.300222382327327,0.0,28.51985559566788,28.97318297546297,57.330827067669176
30111,Yellowstone County,MT,2026-03-28,0.0,0.0,MT,45.936987,-108.276656,0.0,0.0,7.5,0.24999999999999997,2,2026-04-11,0.0,0.0,0.0,31.300222382327327,0.0,28.51985559566788,28.97318297546297,57.330827067669176
31109,Lancaster County,NE,2026-03-28,0.0,0.0,NE,40.783547,-96.688658,0.0,0.0,4.5,0.18999999999999997,2,2026-04-11,0.0,0.0,0.0,17.178925686191324,0.0,15.523465703971132,18.384413528411734,19.172932330827066
31141,Platte County,NE,2026-03-28,0.0,0.0,NE,41.576866,-97.513467,0.0,0.0,4.5,0.18999999999999997,2,2026-04-11,0.0,0.0,0.0,17.178925686191324,0.0,15.523465703971132,18.384413528411734,19.172932330827066
31161,Sheridan County,NE,2026-03-28,0.0,0.0,NE,42.512289,-102.36828,0.0,0.0,4.5,0.18999999999999997,2,2026-04-11,0.0,0.0,0.0,17.178925686191324,0.0,15.523465703971132,18.384413528411734,19.172932330827066
32003,Clark County,NV,2026-03-28,0.0,0.0,NV,36.21413,-115.014398,0.0,0.0,7.599999999999994,0.2519999999999999,2,2026-04-11,0.0,0.0,0.0,31.769966224243376,0.0,28.95306859205775,29.317326254455644,64.09774436090225
32031,Washoe County,NV,2026-03-28,0.0,0.0,NV,40.73132,-119.663269,0.0,0.0,7.599999999999994,0.2519999999999999,2,2026-04-11,0.0,0.0,0.0,31.769966224243376,0.0,28.95306859205775,29.317326254455644,64.09774436090225
34003,Bergen County,NJ,2026-03-28,0.0,0.0,NJ,40.959698,-74.074727,0.0,0.0,5.950000000000003,0.21900000000000006,2,2026-04-11,0.0,0.0,0.0,24.01134904871489,0.0,21.805054151624567,23.567383441467292,45.48872180451128
34017,Hudson County,NJ,2026-03-28,0.0,0.0,NJ,40.731375,-74.078601,0.0,0.0,5.950000000000003,0.21900000000000006,2,2026-04-11,0.0,0.0,0.0,24.01134904871489,0.0,21.805054151624567,23.567383441467292,45.48872180451128
34029,Ocean County,NJ,2026-03-28,0.0,0.0,NJ,39.865669,-74.258864,0.0,0.0,5.950000000000003,0.21900000000000006,2,2026-04-11,0.0,0.0,0.0,24.01134904871489,0.0,21.805054151624567,23.567383441467292,45.48872180451128
34031,Passaic County,NJ,2026-03-28,0.0,0.0,NJ,41.036655,-74.299408,0.0,0.0,5.950000000000003,0.21900000000000006,2,2026-04-11,0.0,0.0,0.0,24.01134904871489,0.0,21.805054151624567,23.567383441467292,45.48872180451128
35005,Chaves County,NM,2026-03-28,0.0,0.0,NM,33.361604,-104.469837,0.0,0.0,3.5999999999999943,0.17199999999999985,2,2026-04-11,0.0,0.0,0.0,12.93110683250513,0.0,11.624548736462085,15.103479267010766,12.593984962406015
35009,Curry County,NM,2026-03-28,0.0,0.0,NM,34.572984,-103.346055,0.0,0.0,3.5999999999999943,0.17199999999999985,2,2026-04-11,0.0,0.0,0.0,12.93110683250513,0.0,11.624548736462085,15.103479267010766,12.593984962406015
35013,Doña Ana County,NM,2026-03-28,0.0,0.0,NM,32.349919,-106.834968,0.0,0.0,3.5999999999999943,0.17199999999999985,2,2026-04-11,0.0,0.0,0.0,12.93110683250513,0.0,11.624548736462085,15.103479267010766,12.593984962406015
35015,Eddy County,NM,2026-03-28,0.0,0.0,NM,32.457835,-104.306434,0.0,0.0,3.5999999999999943,0.17199999999999985,2,2026-04-11,0.0,0.0,0.0,12.93110683250513,0.0,11.624548736462085,15.103479267010766,12.593984962406015
35023,Hidalgo County,NM,2026-03-28,0.0,0.0,NM,31.898052,-108.751929,0.0,0.0,3.5999999999999943,0.17199999999999985,2,2026-04-11,0.0,0.0,0.0,12.93110683250513,0.0,11.624548736462085,15.103479267010766,12.593984962406015
35025,Lea County,NM,2026-03-28,0.0,0.0,NM,32.795687,-103.413271,0.0,0.0,3.5999999999999943,0.17199999999999985,2,2026-04-11,0.0,0.0,0.0,12.93110683250513,0.0,11.624548736462085,15.103479267010766,12.593984962406015
35029,Luna County,NM,2026-03-28,0.0,0.0,NM,32.184523,-107.747191,0.0,0.0,3.5999999999999943,0.17199999999999985,2,2026-04-11,0.0,0.0,0.0,12.93110683250513,0.0,11.624548736462085,15.103479267010766,12.593984962406015
35043,Sandoval County,NM,2026-03-28,0.0,0.0,NM,35.685091,-106.883119,0.0,0.0,3.5999999999999943,0.17199999999999985,2,2026-04-11,0.0,0.0,0.0,12.93110683250513,0.0,11.624548736462085,15.103479267010766,12.593984962406015
35045,San Juan County,NM,2026-03-28,0.0,0.0,NM,36.511624,-108.324578,0.0,0.0,3.5999999999999943,0.17199999999999985,2,2026-04-11,0.0,0.0,0.0,12.93110683250513,0.0,11.624548736462085,15.103479267010766,12.593984962406015
35049,Santa Fe County,NM,2026-03-28,0.0,0.0,NM,35.514531,-105.963972,0.0,0.0,3.5999999999999943,0.17199999999999985,2,2026-04-11,0.0,0.0,0.0,12.93110683250513,0.0,11.624548736462085,15.103479267010766,12.593984962406015
36061,New York County,NY,2026-03-28,0.0,0.0,NY,40.776642,-73.970187,0.0,0.0,1.1500000000000057,0.12300000000000011,2,2026-04-11,0.0,0.0,0.0,1.3388934097240617,0.0,1.0108303249097927,5.9100846003336835,1.6917293233082706
36069,Ontario County,NY,2026-03-28,0.0,0.0,NY,42.856357,-77.303497,0.0,0.0,1.1500000000000057,0.12300000000000011,2,2026-04-11,0.0,0.0,0.0,1.3388934097240617,0.0,1.0108303249097927,5.9100846003336835,1.6917293233082706
36071,Orange County,NY,2026-03-28,0.0,0.0,NY,41.40241,-74.306252,0.0,0.0,1.1500000000000057,0.12300000000000011,2,2026-04-11,0.0,0.0,0.0,1.3388934097240617,0.0,1.0108303249097927,5.9100846003336835,1.6917293233082706
36079,Putnam County,NY,2026-03-28,0.0,0.0,NY,41.427907,-73.743861,0.0,0.0,1.1500000000000057,0.12300000000000011,2,2026-04-11,0.0,0.0,0.0,1.3388934097240617,0.0,1.0108303249097927,5.9100846003336835,1.6917293233082706
36087,Rockland County,NY,2026-03-28,0.0,0.0,NY,41.154628,-74.024662,0.0,0.0,1.1500000000000057,0.12300000000000011,2,2026-04-11,0.0,0.0,0.0,1.3388934097240617,0.0,1.0108303249097927,5.9100846003336835,1.6917293233082706
36103,Suffolk County,NY,2026-03-28,0.0,0.0,NY,40.943554,-72.692218,0.0,0.0,1.1500000000000057,0.12300000000000011,2,2026-04-11,0.0,0.0,0.0,1.3388934097240617,0.0,1.0108303249097927,5.9100846003336835,1.6917293233082706
37021,Buncombe County,NC,2026-03-28,0.0,0.0,NC,35.609371,-82.530423,0.0,0.0,4.449999999999989,0.18899999999999975,2,2026-04-11,0.0,0.0,0.0,16.943078864581317,0.0,15.306859205776135,18.203445400762256,16.541353383458645
37023,Burke County,NC,2026-03-28,0.0,0.0,NC,35.746182,-81.70618,0.0,0.0,4.449999999999989,0.18899999999999975,2,2026-04-11,0.0,0.0,0.0,16.943078864581317,0.0,15.306859205776135,18.203445400762256,16.541353383458645
37025,Cabarrus County,NC,2026-03-28,0.0,0.0,NC,35.388346,-80.552728,0.0,0.0,4.449999999999989,0.18899999999999975,2,2026-04-11,0.0,0.0,0.0,16.943078864581317,0.0,15.306859205776135,18.203445400762256,16.541353383458645
37081,Guilford County,NC,2026-03-28,0.0,0.0,NC,36.079065,-79.788665,0.0,0.0,4.449999999999989,0.18899999999999975,2,2026-04-11,0.0,0.0,0.0,16.943078864581317,0.0,15.306859205776135,18.203445400762256,16.541353383458645
37101,Johnston County,NC,2026-03-28,0.0,0.0,NC,35.513419,-78.367348,0.0,0.0,4.449999999999989,0.18899999999999975,2,2026-04-11,0.0,0.0,0.0,16.943078864581317,0.0,15.306859205776135,18.203445400762256,16.541353383458645
37109,Lincoln County,NC,2026-03-28,0.0,0.0,NC,35.488491,-81.226893,0.0,0.0,4.449999999999989,0.18899999999999975,2,2026-04-11,0.0,0.0,0.0,16.943078864581317,0.0,15.306859205776135,18.203445400762256,16.541353383458645
37119,Mecklenburg County,NC,2026-03-28,0.0,0.0,NC,35.246862,-80.833832,0.0,0.0,4.449999999999989,0.18899999999999975,2,2026-04-11,0.0,0.0,0.0,16.943078864581317,0.0,15.306859205776135,18.203445400762256,16.541353383458645
37127,Nash County,NC,2026-03-28,0.0,0.0,NC,35.965945,-77.987555,0.0,0.0,4.449999999999989,0.18899999999999975,2,2026-04-11,0.0,0.0,0.0,16.943078864581317,0.0,15.306859205776135,18.203445400762256,16.541353383458645
37149,Polk County,NC,2026-03-28,0.0,0.0,NC,35.277901,-82.167621,0.0,0.0,4.449999999999989,0.18899999999999975,2,2026-04-11,0.0,0.0,0.0,16.943078864581317,0.0,15.306859205776135,18.203445400762256,16.541353383458645
37161,Rutherford County,NC,2026-03-28,0.0,0.0,NC,35.402747,-81.919582,0.0,0.0,4.449999999999989,0.18899999999999975,2,2026-04-11,0.0,0.0,0.0,16.943078864581317,0.0,15.306859205776135,18.203445400762256,16.541353383458645
37179,Union County,NC,2026-03-28,0.0,0.0,NC,34.99182,-80.530426,0.0,0.0,4.449999999999989,0.18899999999999975,2,2026-04-11,0.0,0.0,0.0,16.943078864581317,0.0,15.306859205776135,18.203445400762256,16.541353383458645
38013,Burke County,ND,2026-03-28,0.0,0.0,ND,48.786453,-102.520087,0.0,0.0,8.5,0.27,2,2026-04-11,0.0,0.0,0.0,35.99497486004877,0.0,32.85198555956679,32.390105117923774,85.90225563909775
38017,Cass County,ND,2026-03-28,0.0,0.0,ND,46.927003,-97.252375,0.0,0.0,8.5,0.27,2,2026-04-11,0.0,0.0,0.0,35.99497486004877,0.0,32.85198555956679,32.390105117923774,85.90225563909775
38035,Grand Forks County,ND,2026-03-28,0.0,0.0,ND,47.926003,-97.450851,0.0,0.0,8.5,0.27,2,2026-04-11,0.0,0.0,0.0,35.99497486004877,0.0,32.85198555956679,32.390105117923774,85.90225563909775
38067,Pembina County,ND,2026-03-28,0.0,0.0,ND,48.766896,-97.545405,0.0,0.0,8.5,0.27,2,2026-04-11,0.0,0.0,0.0,35.99497486004877,0.0,32.85198555956679,32.390105117923774,85.90225563909775
38073,Ransom County,ND,2026-03-28,0.0,0.0,ND,46.449276,-97.647554,0.0,0.0,8.5,0.27,2,2026-04-11,0.0,0.0,0.0,35.99497486004877,0.0,32.85198555956679,32.390105117923774,85.90225563909775
38097,Traill County,ND,2026-03-28,0.0,0.0,ND,47.446271,-97.164636,0.0,0.0,8.5,0.27,2,2026-04-11,0.0,0.0,0.0,35.99497486004877,0.0,32.85198555956679,32.390105117923774,85.90225563909775
38099,Walsh County,ND,2026-03-28,0.0,0.0,ND,48.376979,-97.72223,0.0,0.0,8.5,0.27,2,2026-04-11,0.0,0.0,0.0,35.99497486004877,0.0,32.85198555956679,32.390105117923774,85.90225563909775
38105,Williams County,ND,2026-03-28,0.0,0.0,ND,48.355765,-103.501333,0.0,0.0,8.5,0.27,2,2026-04-11,0.0,0.0,0.0,35.99497486004877,0.0,32.85198555956679,32.390105117923774,85.90225563909775
39003,Allen County,OH,2026-03-28,0.0,0.0,OH,40.771627,-84.106103,0.0,0.0,7.950000000000003,0.25900000000000006,2,2026-04-11,0.0,0.0,0.0,33.41359689241626,0.0,30.4693140794224,30.517513374782244,69.54887218045113
39007,Ashtabula County,OH,2026-03-28,0.0,0.0,OH,41.906637,-80.745592,0.0,0.0,7.950000000000003,0.25900000000000006,2,2026-04-11,0.0,0.0,0.0,33.41359689241626,0.0,30.4693140794224,30.517513374782244,69.54887218045113
39035,Cuyahoga County,OH,2026-03-28,0.0,0.0,OH,41.555037,-81.604957,0.0,0.0,7.950000000000003,0.25900000000000006,2,2026-04-11,0.0,0.0,0.0,33.41359689241626,0.0,30.4693140794224,30.517513374782244,69.54887218045113
39039,Defiance County,OH,2026-03-28,0.0,0.0,OH,41.321679,-84.486433,0.0,0.0,7.950000000000003,0.25900000000000006,2,2026-04-11,0.0,0.0,0.0,33.41359689241626,0.0,30.4693140794224,30.517513374782244,69.54887218045113
39049,Franklin County,OH,2026-03-28,0.0,0.0,OH,39.969875,-83.009086,0.0,0.0,7.950000000000003,0.25900000000000006,2,2026-04-11,0.0,0.0,0.0,33.41359689241626,0.0,30.4693140794224,30.517513374782244,69.54887218045113
39075,Holmes County,OH,2026-03-28,0.0,0.0,OH,40.565597,-81.930001,0.0,0.0,7.950000000000003,0.25900000000000006,2,2026-04-11,0.0,0.0,0.0,33.41359689241626,0.0,30.4693140794224,30.517513374782244,69.54887218045113
39083,Knox County,OH,2026-03-28,0.0,0.0,OH,40.40362,-82.422393,0.0,0.0,7.950000000000003,0.25900000000000006,2,2026-04-11,0.0,0.0,0.0,33.41359689241626,0.0,30.4693140794224,30.517513374782244,69.54887218045113
39119,Muskingum County,OH,2026-03-28,0.0,0.0,OH,39.966046,-81.943506,0.0,0.0,7.950000000000003,0.25900000000000006,2,2026-04-11,0.0,0.0,0.0,33.41359689241626,0.0,30.4693140794224,30.517513374782244,69.54887218045113
39123,Ottawa County,OH,2026-03-28,0.0,0.0,OH,41.545495,-83.012613,0.0,0.0,7.950000000000003,0.25900000000000006,2,2026-04-11,0.0,0.0,0.0,33.41359689241626,0.0,30.4693140794224,30.517513374782244,69.54887218045113
40109,Oklahoma County,OK,2026-03-28,0.0,0.0,OK,35.554611,-97.409401,0.0,0.0,8.349999999999994,0.2669999999999999,2,2026-04-11,0.0,0.0,0.0,35.291139487769144,0.0,32.20216606498193,31.881011679623533,81.57894736842105
41005,Clackamas County,OR,2026-03-28,0.0,0.0,OR,45.160493,-122.195127,0.0,0.0,8.950000000000003,0.279,2,2026-04-11,0.0,0.0,0.0,38.105693689968916,0.0,34.80144404332132,33.91020102000136,87.96992481203007
41043,Linn County,OR,2026-03-28,0.0,0.0,OR,44.488898,-122.537208,0.0,0.0,8.950000000000003,0.279,2,2026-04-11,0.0,0.0,0.0,38.105693689968916,0.0,34.80144404332132,33.91020102000136,87.96992481203007
41051,Multnomah County,OR,2026-03-28,0.0,0.0,OR,45.547711,-122.417363,0.0,0.0,8.950000000000003,0.279,2,2026-04-11,0.0,0.0,0.0,38.105693689968916,0.0,34.80144404332132,33.91020102000136,87.96992481203007
42017,Bucks County,PA,2026-03-28,0.0,0.0,PA,40.336887,-75.10706,0.0,0.0,6.799999999999997,0.23599999999999993,2,2026-04-11,0.0,0.0,0.0,28.01031371892925,0.0,25.487364620938624,26.54865046420842,53.75939849624061
42029,Chester County,PA,2026-03-28,0.0,0.0,PA,39.974029,-75.749751,0.0,0.0,6.799999999999997,0.23599999999999993,2,2026-04-11,0.0,0.0,0.0,28.01031371892925,0.0,25.487364620938624,26.54865046420842,53.75939849624061
42041,Cumberland County,PA,2026-03-28,0.0,0.0,PA,40.164805,-77.263442,0.0,0.0,6.799999999999997,0.23599999999999993,2,2026-04-11,0.0,0.0,0.0,28.01031371892925,0.0,25.487364620938624,26.54865046420842,53.75939849624061
42049,Erie County,PA,2026-03-28,0.0,0.0,PA,42.117952,-80.096386,0.0,0.0,6.799999999999997,0.23599999999999993,2,2026-04-11,0.0,0.0,0.0,28.01031371892925,0.0,25.487364620938624,26.54865046420842,53.75939849624061
42071,Lancaster County,PA,2026-03-28,0.0,0.0,PA,40.041992,-76.250198,0.0,0.0,6.799999999999997,0.23599999999999993,2,2026-04-11,0.0,0.0,0.0,28.01031371892925,0.0,25.487364620938624,26.54865046420842,53.75939849624061
42091,Montgomery County,PA,2026-03-28,0.0,0.0,PA,40.209999,-75.370201,0.0,0.0,6.799999999999997,0.23599999999999993,2,2026-04-11,0.0,0.0,0.0,28.01031371892925,0.0,25.487364620938624,26.54865046420842,53.75939849624061
42101,Philadelphia County,PA,2026-03-28,0.0,0.0,PA,40.009376,-75.133346,0.0,0.0,6.799999999999997,0.23599999999999993,2,2026-04-11,0.0,0.0,0.0,28.01031371892925,0.0,25.487364620938624,26.54865046420842,53.75939849624061
44007,Providence County,RI,2026-03-28,0.0,0.0,RI,41.869768,-71.578625,0.0,0.0,2.549999999999997,0.15099999999999994,2,2026-04-11,0.0,0.0,0.0,7.968272719363823,0.0,7.075812274368236,11.211429137009612,9.774436090225564
45085,Sumter County,SC,2026-03-28,0.0,0.0,SC,33.91614,-80.382376,0.0,0.0,6.699999999999989,0.23399999999999974,2,2026-04-11,0.0,0.0,0.0,27.540081298614155,0.0,25.054151624548695,26.20004864687136,52.255639097744364
46011,Brookings County,SD,2026-03-28,0.0,0.0,SD,44.376675,-96.797797,0.0,0.0,8.400000000000006,0.2680000000000001,2,2026-04-11,0.0,0.0,0.0,35.52576594216846,0.0,32.41877256317692,32.05084330591676,83.0827067669173
46013,Brown County,SD,2026-03-28,0.0,0.0,SD,45.589254,-98.352175,0.0,0.0,8.400000000000006,0.2680000000000001,2,2026-04-11,0.0,0.0,0.0,35.52576594216846,0.0,32.41877256317692,32.05084330591676,83.0827067669173
46019,Butte County,SD,2026-03-28,0.0,0.0,SD,44.896226,-103.501436,0.0,0.0,8.400000000000006,0.2680000000000001,2,2026-04-11,0.0,0.0,0.0,35.52576594216846,0.0,32.41877256317692,32.05084330591676,83.0827067669173
46051,Grant County,SD,2026-03-28,0.0,0.0,SD,45.172637,-96.772261,0.0,0.0,8.400000000000006,0.2680000000000001,2,2026-04-11,0.0,0.0,0.0,35.52576594216846,0.0,32.41877256317692,32.05084330591676,83.0827067669173
46083,Lincoln County,SD,2026-03-28,0.0,0.0,SD,43.279422,-96.722288,0.0,0.0,8.400000000000006,0.2680000000000001,2,2026-04-11,0.0,0.0,0.0,35.52576594216846,0.0,32.41877256317692,32.05084330591676,83.0827067669173
46093,Meade County,SD,2026-03-28,0.0,0.0,SD,44.605282,-102.714169,0.0,0.0,8.400000000000006,0.2680000000000001,2,2026-04-11,0.0,0.0,0.0,35.52576594216846,0.0,32.41877256317692,32.05084330591676,83.0827067669173
46103,Pennington County,SD,2026-03-28,0.0,0.0,SD,44.002349,-102.823801,0.0,0.0,8.400000000000006,0.2680000000000001,2,2026-04-11,0.0,0.0,0.0,35.52576594216846,0.0,32.41877256317692,32.05084330591676,83.0827067669173
48003,Andrews County,TX,2026-03-28,0.0,0.0,TX,32.312258,-102.640206,0.0,0.0,5.400000000000006,0.2080000000000001,2,2026-04-11,0.0,0.0,0.0,21.421346836128368,0.0,19.42238267148018,21.61609086567023,31.57894736842105
48013,Atascosa County,TX,2026-03-28,0.0,0.0,TX,28.891478,-98.535381,0.0,0.0,5.400000000000006,0.2080000000000001,2,2026-04-11,0.0,0.0,0.0,21.421346836128368,0.0,19.42238267148018,21.61609086567023,31.57894736842105
48017,Bailey County,TX,2026-03-28,0.0,0.0,TX,34.067521,-102.830345,0.0,0.0,5.400000000000006,0.2080000000000001,2,2026-04-11,0.0,0.0,0.0,21.421346836128368,0.0,19.42238267148018,21.61609086567023,31.57894736842105
48019,Bandera County,TX,2026-03-28,0.0,0.0,TX,29.756389,-99.248285,0.0,0.0,5.400000000000006,0.2080000000000001,2,2026-04-11,0.0,0.0,0.0,21.421346836128368,0.0,19.42238267148018,21.61609086567023,31.57894736842105
48027,Bell County,TX,2026-03-28,0.0,0.0,TX,31.037009,-97.479635,0.0,0.0,5.400000000000006,0.2080000000000001,2,2026-04-11,0.0,0.0,0.0,21.421346836128368,0.0,19.42238267148018,21.61609086567023,31.57894736842105
48029,Bexar County,TX,2026-03-28,0.0,0.0,TX,29.448671,-98.520147,0.0,0.0,5.400000000000006,0.2080000000000001,2,2026-04-11,0.0,0.0,0.0,21.421346836128368,0.0,19.42238267148018,21.61609086567023,31.57894736842105
48033,Borden County,TX,2026-03-28,0.0,0.0,TX,32.73859,-101.439199,0.0,0.0,5.400000000000006,0.2080000000000001,2,2026-04-11,0.0,0.0,0.0,21.421346836128368,0.0,19.42238267148018,21.61609086567023,31.57894736842105
48039,Brazoria County,TX,2026-03-28,0.0,0.0,TX,29.167817,-95.434647,0.0,0.0,5.400000000000006,0.2080000000000001,2,2026-04-11,0.0,0.0,0.0,21.421346836128368,0.0,19.42238267148018,21.61609086567023,31.57894736842105
48043,Brewster County,TX,2026-03-28,0.0,0.0,TX,29.808997,-103.252458,0.0,0.0,5.400000000000006,0.2080000000000001,2,2026-04-11,0.0,0.0,0.0,21.421346836128368,0.0,19.42238267148018,21.61609086567023,31.57894736842105
48049,Brown County,TX,2026-03-28,0.0,0.0,TX,31.764137,-98.998456,0.0,0.0,5.400000000000006,0.2080000000000001,2,2026-04-11,0.0,0.0,0.0,21.421346836128368,0.0,19.42238267148018,21.61609086567023,31.57894736842105
48065,Carson County,TX,2026-03-28,0.0,0.0,TX,35.405496,-101.355356,0.0,0.0,5.400000000000006,0.2080000000000001,2,2026-04-11,0.0,0.0,0.0,21.421346836128368,0.0,19.42238267148018,21.61609086567023,31.57894736842105
48079,Cochran County,TX,2026-03-28,0.0,0.0,TX,33.60844,-102.830449,0.0,0.0,5.400000000000006,0.2080000000000001,2,2026-04-11,0.0,0.0,0.0,21.421346836128368,0.0,19.42238267148018,21.61609086567023,31.57894736842105
48085,Collin County,TX,2026-03-28,0.0,0.0,TX,33.194482,-96.579428,0.0,0.0,5.400000000000006,0.2080000000000001,2,2026-04-11,0.0,0.0,0.0,21.421346836128368,0.0,19.42238267148018,21.61609086567023,31.57894736842105
48111,Dallam County,TX,2026-03-28,0.0,0.0,TX,36.28637,-102.59402,0.0,0.0,5.400000000000006,0.2080000000000001,2,2026-04-11,0.0,0.0,0.0,21.421346836128368,0.0,19.42238267148018,21.61609086567023,31.57894736842105
48113,Dallas County,TX,2026-03-28,0.0,0.0,TX,32.766987,-96.778424,0.0,0.0,5.400000000000006,0.2080000000000001,2,2026-04-11,0.0,0.0,0.0,21.421346836128368,0.0,19.42238267148018,21.61609086567023,31.57894736842105
48115,Dawson County,TX,2026-03-28,0.0,0.0,TX,32.742528,-101.948771,0.0,0.0,5.400000000000006,0.2080000000000001,2,2026-04-11,0.0,0.0,0.0,21.421346836128368,0.0,19.42238267148018,21.61609086567023,31.57894736842105
48121,Denton County,TX,2026-03-28,0.0,0.0,TX,33.205132,-97.12114,0.0,0.0,5.400000000000006,0.2080000000000001,2,2026-04-11,0.0,0.0,0.0,21.421346836128368,0.0,19.42238267148018,21.61609086567023,31.57894736842105
48133,Eastland County,TX,2026-03-28,0.0,0.0,TX,32.324645,-98.83656,0.0,0.0,5.400000000000006,0.2080000000000001,2,2026-04-11,0.0,0.0,0.0,21.421346836128368,0.0,19.42238267148018,21.61609086567023,31.57894736842105
48135,Ector County,TX,2026-03-28,0.0,0.0,TX,31.865301,-102.542507,0.0,0.0,5.400000000000006,0.2080000000000001,2,2026-04-11,0.0,0.0,0.0,21.421346836128368,0.0,19.42238267148018,21.61609086567023,31.57894736842105
48141,El Paso County,TX,2026-03-28,0.0,0.0,TX,31.766456,-106.24152,0.0,0.0,5.400000000000006,0.2080000000000001,2,2026-04-11,0.0,0.0,0.0,21.421346836128368,0.0,19.42238267148018,21.61609086567023,31.57894736842105
48143,Erath County,TX,2026-03-28,0.0,0.0,TX,32.236207,-98.218336,0.0,0.0,5.400000000000006,0.2080000000000001,2,2026-04-11,0.0,0.0,0.0,21.421346836128368,0.0,19.42238267148018,21.61609086567023,31.57894736842105
48147,Fannin County,TX,2026-03-28,0.0,0.0,TX,33.591161,-96.104988,0.0,0.0,5.400000000000006,0.2080000000000001,2,2026-04-11,0.0,0.0,0.0,21.421346836128368,0.0,19.42238267148018,21.61609086567023,31.57894736842105
48157,Fort Bend County,TX,2026-03-28,0.0,0.0,TX,29.526602,-95.771015,0.0,0.0,5.400000000000006,0.2080000000000001,2,2026-04-11,0.0,0.0,0.0,21.421346836128368,0.0,19.42238267148018,21.61609086567023,31.57894736842105
48163,Frio County,TX,2026-03-28,0.0,0.0,TX,28.869383,-99.109005,0.0,0.0,5.400000000000006,0.2080000000000001,2,2026-04-11,0.0,0.0,0.0,21.421346836128368,0.0,19.42238267148018,21.61609086567023,31.57894736842105
48165,Gaines County,TX,2026-03-28,0.0,0.0,TX,32.743942,-102.631561,0.0,0.0,5.400000000000006,0.2080000000000001,2,2026-04-11,0.0,0.0,0.0,21.421346836128368,0.0,19.42238267148018,21.61609086567023,31.57894736842105
48169,Garza County,TX,2026-03-28,0.0,0.0,TX,33.183792,-101.301134,0.0,0.0,5.400000000000006,0.2080000000000001,2,2026-04-11,0.0,0.0,0.0,21.421346836128368,0.0,19.42238267148018,21.61609086567023,31.57894736842105
48189,Hale County,TX,2026-03-28,0.0,0.0,TX,34.068436,-101.822888,0.0,0.0,5.400000000000006,0.2080000000000001,2,2026-04-11,0.0,0.0,0.0,21.421346836128368,0.0,19.42238267148018,21.61609086567023,31.57894736842105
48197,Hardeman County,TX,2026-03-28,0.0,0.0,TX,34.289904,-99.745697,0.0,0.0,5.400000000000006,0.2080000000000001,2,2026-04-11,0.0,0.0,0.0,21.421346836128368,0.0,19.42238267148018,21.61609086567023,31.57894736842105
48201,Harris County,TX,2026-03-28,0.0,0.0,TX,29.857273,-95.393037,0.0,0.0,5.400000000000006,0.2080000000000001,2,2026-04-11,0.0,0.0,0.0,21.421346836128368,0.0,19.42238267148018,21.61609086567023,31.57894736842105
48203,Harrison County,TX,2026-03-28,0.0,0.0,TX,32.547991,-94.374434,0.0,0.0,5.400000000000006,0.2080000000000001,2,2026-04-11,0.0,0.0,0.0,21.421346836128368,0.0,19.42238267148018,21.61609086567023,31.57894736842105
48209,Hays County,TX,2026-03-28,0.0,0.0,TX,30.061225,-98.029267,0.0,0.0,5.400000000000006,0.2080000000000001,2,2026-04-11,0.0,0.0,0.0,21.421346836128368,0.0,19.42238267148018,21.61609086567023,31.57894736842105
48219,Hockley County,TX,2026-03-28,0.0,0.0,TX,33.605932,-102.343398,0.0,0.0,5.400000000000006,0.2080000000000001,2,2026-04-11,0.0,0.0,0.0,21.421346836128368,0.0,19.42238267148018,21.61609086567023,31.57894736842105
48229,Hudspeth County,TX,2026-03-28,0.0,0.0,TX,31.450868,-105.377549,0.0,0.0,5.400000000000006,0.2080000000000001,2,2026-04-11,0.0,0.0,0.0,21.421346836128368,0.0,19.42238267148018,21.61609086567023,31.57894736842105
48259,Kendall County,TX,2026-03-28,0.0,0.0,TX,29.943525,-98.709269,0.0,0.0,5.400000000000006,0.2080000000000001,2,2026-04-11,0.0,0.0,0.0,21.421346836128368,0.0,19.42238267148018,21.61609086567023,31.57894736842105
48277,Lamar County,TX,2026-03-28,0.0,0.0,TX,33.667263,-95.570348,0.0,0.0,5.400000000000006,0.2080000000000001,2,2026-04-11,0.0,0.0,0.0,21.421346836128368,0.0,19.42238267148018,21.61609086567023,31.57894736842105
48279,Lamb County,TX,2026-03-28,0.0,0.0,TX,34.068861,-102.348018,0.0,0.0,5.400000000000006,0.2080000000000001,2,2026-04-11,0.0,0.0,0.0,21.421346836128368,0.0,19.42238267148018,21.61609086567023,31.57894736842105
48303,Lubbock County,TX,2026-03-28,0.0,0.0,TX,33.611469,-101.819944,0.0,0.0,5.400000000000006,0.2080000000000001,2,2026-04-11,0.0,0.0,0.0,21.421346836128368,0.0,19.42238267148018,21.61609086567023,31.57894736842105
48305,Lynn County,TX,2026-03-28,0.0,0.0,TX,33.178412,-101.818493,0.0,0.0,5.400000000000006,0.2080000000000001,2,2026-04-11,0.0,0.0,0.0,21.421346836128368,0.0,19.42238267148018,21.61609086567023,31.57894736842105
48309,McLennan County,TX,2026-03-28,0.0,0.0,TX,31.549596,-97.201511,0.0,0.0,5.400000000000006,0.2080000000000001,2,2026-04-11,0.0,0.0,0.0,21.421346836128368,0.0,19.42238267148018,21.61609086567023,31.57894736842105
48317,Martin County,TX,2026-03-28,0.0,0.0,TX,32.30983,-101.961836,0.0,0.0,5.400000000000006,0.2080000000000001,2,2026-04-11,0.0,0.0,0.0,21.421346836128368,0.0,19.42238267148018,21.61609086567023,31.57894736842105
48329,Midland County,TX,2026-03-28,0.0,0.0,TX,31.814269,-102.002454,0.0,0.0,5.400000000000006,0.2080000000000001,2,2026-04-11,0.0,0.0,0.0,21.421346836128368,0.0,19.42238267148018,21.61609086567023,31.57894736842105
48369,Parmer County,TX,2026-03-28,0.0,0.0,TX,34.532163,-102.784853,0.0,0.0,5.400000000000006,0.2080000000000001,2,2026-04-11,0.0,0.0,0.0,21.421346836128368,0.0,19.42238267148018,21.61609086567023,31.57894736842105
48375,Potter County,TX,2026-03-28,0.0,0.0,TX,35.398675,-101.893804,0.0,0.0,5.400000000000006,0.2080000000000001,2,2026-04-11,0.0,0.0,0.0,21.421346836128368,0.0,19.42238267148018,21.61609086567023,31.57894736842105
48379,Rains County,TX,2026-03-28,0.0,0.0,TX,32.870457,-95.795613,0.0,0.0,5.400000000000006,0.2080000000000001,2,2026-04-11,0.0,0.0,0.0,21.421346836128368,0.0,19.42238267148018,21.61609086567023,31.57894736842105
48381,Randall County,TX,2026-03-28,0.0,0.0,TX,34.962529,-101.895547,0.0,0.0,5.400000000000006,0.2080000000000001,2,2026-04-11,0.0,0.0,0.0,21.421346836128368,0.0,19.42238267148018,21.61609086567023,31.57894736842105
48389,Reeves County,TX,2026-03-28,0.0,0.0,TX,31.308366,-103.712706,0.0,0.0,5.400000000000006,0.2080000000000001,2,2026-04-11,0.0,0.0,0.0,21.421346836128368,0.0,19.42238267148018,21.61609086567023,31.57894736842105
48397,Rockwall County,TX,2026-03-28,0.0,0.0,TX,32.90028,-96.412049,0.0,0.0,5.400000000000006,0.2080000000000001,2,2026-04-11,0.0,0.0,0.0,21.421346836128368,0.0,19.42238267148018,21.61609086567023,31.57894736842105
48415,Scurry County,TX,2026-03-28,0.0,0.0,TX,32.744353,-100.913346,0.0,0.0,5.400000000000006,0.2080000000000001,2,2026-04-11,0.0,0.0,0.0,21.421346836128368,0.0,19.42238267148018,21.61609086567023,31.57894736842105
48417,Shackelford County,TX,2026-03-28,0.0,0.0,TX,32.74382,-99.347005,0.0,0.0,5.400000000000006,0.2080000000000001,2,2026-04-11,0.0,0.0,0.0,21.421346836128368,0.0,19.42238267148018,21.61609086567023,31.57894736842105
48439,Tarrant County,TX,2026-03-28,0.0,0.0,TX,32.772119,-97.291224,0.0,0.0,5.400000000000006,0.2080000000000001,2,2026-04-11,0.0,0.0,0.0,21.421346836128368,0.0,19.42238267148018,21.61609086567023,31.57894736842105
48445,Terry County,TX,2026-03-28,0.0,0.0,TX,33.171229,-102.339284,0.0,0.0,5.400000000000006,0.2080000000000001,2,2026-04-11,0.0,0.0,0.0,21.421346836128368,0.0,19.42238267148018,21.61609086567023,31.57894736842105
48453,Travis County,TX,2026-03-28,0.0,0.0,TX,30.239513,-97.69127,0.0,0.0,5.400000000000006,0.2080000000000001,2,2026-04-11,0.0,0.0,0.0,21.421346836128368,0.0,19.42238267148018,21.61609086567023,31.57894736842105
48459,Upshur County,TX,2026-03-28,0.0,0.0,TX,32.735349,-94.941184,0.0,0.0,5.400000000000006,0.2080000000000001,2,2026-04-11,0.0,0.0,0.0,21.421346836128368,0.0,19.42238267148018,21.61609086567023,31.57894736842105
48491,Williamson County,TX,2026-03-28,0.0,0.0,TX,30.649082,-97.605065,0.0,0.0,5.400000000000006,0.2080000000000001,2,2026-04-11,0.0,0.0,0.0,21.421346836128368,0.0,19.42238267148018,21.61609086567023,31.57894736842105
48501,Yoakum County,TX,2026-03-28,0.0,0.0,TX,33.162339,-102.832241,0.0,0.0,5.400000000000006,0.2080000000000001,2,2026-04-11,0.0,0.0,0.0,21.421346836128368,0.0,19.42238267148018,21.61609086567023,31.57894736842105
49011,Davis County,UT,2026-03-28,0.0,0.0,UT,41.037559,-112.201943,0.0,0.0,10.5,0.31000000000000005,2,2026-04-11,0.0,0.0,0.0,45.36710747393722,0.0,41.51624548736462,39.06541752523745,94.54887218045113
49035,Salt Lake County,UT,2026-03-28,0.0,0.0,UT,40.667883,-111.92424,0.0,0.0,10.5,0.31000000000000005,2,2026-04-11,0.0,0.0,0.0,45.36710747393722,0.0,41.51624548736462,39.06541752523745,94.54887218045113
49037,San Juan County,UT,2026-03-28,0.0,0.0,UT,37.602633,-109.791574,0.0,0.0,10.5,0.31000000000000005,2,2026-04-11,0.0,0.0,0.0,45.36710747393722,0.0,41.51624548736462,39.06541752523745,94.54887218045113
49043,Summit County,UT,2026-03-28,0.0,0.0,UT,40.87206,-110.968486,0.0,0.0,10.5,0.31000000000000005,2,2026-04-11,0.0,0.0,0.0,45.36710747393722,0.0,41.51624548736462,39.06541752523745,94.54887218045113
49045,Tooele County,UT,2026-03-28,0.0,0.0,UT,40.467753,-113.123979,0.0,0.0,10.5,0.31000000000000005,2,2026-04-11,0.0,0.0,0.0,45.36710747393722,0.0,41.51624548736462,39.06541752523745,94.54887218045113
49049,Utah County,UT,2026-03-28,0.0,0.0,UT,40.120418,-111.668563,0.0,0.0,10.5,0.31000000000000005,2,2026-04-11,0.0,0.0,0.0,45.36710747393722,0.0,41.51624548736462,39.06541752523745,94.54887218045113
49051,Wasatch County,UT,2026-03-28,0.0,0.0,UT,40.334884,-111.161568,0.0,0.0,10.5,0.31000000000000005,2,2026-04-11,0.0,0.0,0.0,45.36710747393722,0.0,41.51624548736462,39.06541752523745,94.54887218045113
49057,Weber County,UT,2026-03-28,0.0,0.0,UT,41.270325,-111.876883,0.0,0.0,10.5,0.31000000000000005,2,2026-04-11,0.0,0.0,0.0,45.36710747393722,0.0,41.51624548736462,39.06541752523745,94.54887218045113
50015,Lamoille County,VT,2026-03-28,0.0,0.0,VT,44.611192,-72.632659,0.0,0.0,4.950000000000003,0.19900000000000004,2,2026-04-11,0.0,0.0,0.0,19.30080082569642,0.0,17.47292418772566,20.006316702706183,20.48872180451128
50023,Washington County,VT,2026-03-28,0.0,0.0,VT,44.274969,-72.609444,0.0,0.0,4.950000000000003,0.19900000000000004,2,2026-04-11,0.0,0.0,0.0,19.30080082569642,0.0,17.47292418772566,20.006316702706183,20.48872180451128
53011,Clark County,WA,2026-03-28,0.0,0.0,WA,45.77173,-122.485953,0.0,0.0,6.549999999999997,0.23099999999999993,2,2026-04-11,0.0,0.0,0.0,26.834616423009237,0.0,24.404332129963894,25.676085122064492,50.56390977443609
53025,Grant County,WA,2026-03-28,0.0,0.0,WA,47.213633,-119.467788,0.0,0.0,6.549999999999997,0.23099999999999993,2,2026-04-11,0.0,0.0,0.0,26.834616423009237,0.0,24.404332129963894,25.676085122064492,50.56390977443609
53033,King County,WA,2026-03-28,0.0,0.0,WA,47.490552,-121.833977,0.0,0.0,6.549999999999997,0.23099999999999993,2,2026-04-11,0.0,0.0,0.0,26.834616423009237,0.0,24.404332129963894,25.676085122064492,50.56390977443609
53037,Kittitas County,WA,2026-03-28,0.0,0.0,WA,47.124441,-120.676709,0.0,0.0,6.549999999999997,0.23099999999999993,2,2026-04-11,0.0,0.0,0.0,26.834616423009237,0.0,24.404332129963894,25.676085122064492,50.56390977443609
53061,Snohomish County,WA,2026-03-28,0.0,0.0,WA,48.054913,-121.765038,0.0,0.0,6.549999999999997,0.23099999999999993,2,2026-04-11,0.0,0.0,0.0,26.834616423009237,0.0,24.404332129963894,25.676085122064492,50.56390977443609
53063,Spokane County,WA,2026-03-28,0.0,0.0,WA,47.620375,-117.403371,0.0,0.0,6.549999999999997,0.23099999999999993,2,2026-04-11,0.0,0.0,0.0,26.834616423009237,0.0,24.404332129963894,25.676085122064492,50.56390977443609
53065,Stevens County,WA,2026-03-28,0.0,0.0,WA,48.388728,-117.854455,0.0,0.0,6.549999999999997,0.23099999999999993,2,2026-04-11,0.0,0.0,0.0,26.834616423009237,0.0,24.404332129963894,25.676085122064492,50.56390977443609
53073,Whatcom County,WA,2026-03-28,0.0,0.0,WA,48.842653,-121.836432,0.0,0.0,6.549999999999997,0.23099999999999993,2,2026-04-11,0.0,0.0,0.0,26.834616423009237,0.0,24.404332129963894,25.676085122064492,50.56390977443609
55025,Dane County,WI,2026-03-28,0.0,0.0,WI,43.067468,-89.417852,0.0,0.0,11.099999999999994,0.3219999999999999,2,2026-04-11,0.0,0.0,0.0,48.174395883238354,0.0,44.11552346570394,41.02830263213525,96.61654135338345
55083,Oconto County,WI,2026-03-28,0.0,0.0,WI,44.996575,-88.206516,0.0,0.0,11.099999999999994,0.3219999999999999,2,2026-04-11,0.0,0.0,0.0,48.174395883238354,0.0,44.11552346570394,41.02830263213525,96.61654135338345
55133,Waukesha County,WI,2026-03-28,0.0,0.0,WI,43.018368,-88.30424,0.0,0.0,11.099999999999994,0.3219999999999999,2,2026-04-11,0.0,0.0,0.0,48.174395883238354,0.0,44.11552346570394,41.02830263213525,96.61654135338345
56007,Carbon County,WY,2026-03-28,0.0,0.0,WY,41.70359,-106.933153,0.0,0.0,5.950000000000003,0.21900000000000006,2,2026-04-11,0.0,0.0,0.0,24.01134904871489,0.0,21.805054151624567,23.567383441467292,45.48872180451128
56013,Fremont County,WY,2026-03-28,0.0,0.0,WY,43.054831,-108.608935,0.0,0.0,5.950000000000003,0.21900000000000006,2,2026-04-11,0.0,0.0,0.0,24.01134904871489,0.0,21.805054151624567,23.567383441467292,45.48872180451128
56025,Natrona County,WY,2026-03-28,0.0,0.0,WY,42.977645,-106.768219,0.0,0.0,5.950000000000003,0.21900000000000006,2,2026-04-11,0.0,0.0,0.0,24.01134904871489,0.0,21.805054151624567,23.567383441467292,45.48872180451128
56027,Niobrara County,WY,2026-03-28,0.0,0.0,WY,43.062159,-104.468373,0.0,0.0,5.950000000000003,0.21900000000000006,2,2026-04-11,0.0,0.0,0.0,24.01134904871489,0.0,21.805054151624567,23.567383441467292,45.48872180451128
56029,Park County,WY,2026-03-28,0.0,0.0,WY,44.492387,-109.593597,0.0,0.0,5.950000000000003,0.21900000000000006,2,2026-04-11,0.0,0.0,0.0,24.01134904871489,0.0,21.805054151624567,23.567383441467292,45.48872180451128
02020,Anchorage Municipality,AK,2026-03-28,0.0,0.0,AK,61.17425,-149.284329,0.0,0.0,13.900000000000006,0.3780000000000001,3,2026-04-18,0.0,0.0,0.0,69.00056744171505,0.0,66.28158844765343,65.88664513209606,97.55639097744361
02122,Kenai Peninsula Borough,AK,2026-03-28,0.0,0.0,AK,60.366668,-152.322283,0.0,0.0,13.900000000000006,0.3780000000000001,3,2026-04-18,0.0,0.0,0.0,69.00056744171505,0.0,66.28158844765343,65.88664513209606,97.55639097744361
04005,Coconino County,AZ,2026-03-28,0.0,0.0,AZ,35.829692,-111.773728,0.0,0.0,9.849999999999994,0.29699999999999993,3,2026-04-18,0.0,0.0,0.0,47.9947851601535,0.0,45.81227436823101,49.83693621903145,91.9172932330827
04013,Maricopa County,AZ,2026-03-28,0.0,0.0,AZ,33.345176,-112.49893,0.0,0.0,9.849999999999994,0.29699999999999993,3,2026-04-18,0.0,0.0,0.0,47.9947851601535,0.0,45.81227436823101,49.83693621903145,91.9172932330827
04015,Mohave County,AZ,2026-03-28,0.0,0.0,AZ,35.717705,-113.749689,0.0,0.0,9.849999999999994,0.29699999999999993,3,2026-04-18,0.0,0.0,0.0,47.9947851601535,0.0,45.81227436823101,49.83693621903145,91.9172932330827
04017,Navajo County,AZ,2026-03-28,0.0,0.0,AZ,35.390785,-110.321025,0.0,0.0,9.849999999999994,0.29699999999999993,3,2026-04-18,0.0,0.0,0.0,47.9947851601535,0.0,45.81227436823101,49.83693621903145,91.9172932330827
04019,Pima County,AZ,2026-03-28,0.0,0.0,AZ,32.128038,-111.783657,0.0,0.0,9.849999999999994,0.29699999999999993,3,2026-04-18,0.0,0.0,0.0,47.9947851601535,0.0,45.81227436823101,49.83693621903145,91.9172932330827
04021,Pinal County,AZ,2026-03-28,0.0,0.0,AZ,32.918521,-111.366339,0.0,0.0,9.849999999999994,0.29699999999999993,3,2026-04-18,0.0,0.0,0.0,47.9947851601535,0.0,45.81227436823101,49.83693621903145,91.9172932330827
05007,Benton County,AR,2026-03-28,0.0,0.0,AR,36.337819,-94.256298,0.0,0.0,6.950000000000003,0.23900000000000005,3,2026-04-18,0.0,0.0,0.0,32.884755457494144,0.0,31.155234657039724,37.7162384233663,55.639097744360896
05045,Faulkner County,AR,2026-03-28,0.0,0.0,AR,35.146548,-92.336928,0.0,0.0,6.950000000000003,0.23900000000000005,3,2026-04-18,0.0,0.0,0.0,32.884755457494144,0.0,31.155234657039724,37.7162384233663,55.639097744360896
05125,Saline County,AR,2026-03-28,0.0,0.0,AR,34.648525,-92.674463,0.0,0.0,6.950000000000003,0.23900000000000005,3,2026-04-18,0.0,0.0,0.0,32.884755457494144,0.0,31.155234657039724,37.7162384233663,55.639097744360896
06013,Contra Costa County,CA,2026-03-28,0.0,0.0,CA,37.919479,-121.951543,0.0,0.0,2.0,0.13999999999999999,3,2026-04-18,0.0,0.0,0.0,6.942905738260019,0.0,6.1371841155234845,15.65322774789455,6.203007518796992
06019,Fresno County,CA,2026-03-28,0.0,0.0,CA,36.761006,-119.655019,0.0,0.0,2.0,0.13999999999999999,3,2026-04-18,0.0,0.0,0.0,6.942905738260019,0.0,6.1371841155234845,15.65322774789455,6.203007518796992
06037,Los Angeles County,CA,2026-03-28,0.0,0.0,CA,34.196398,-118.261862,0.0,0.0,2.0,0.13999999999999999,3,2026-04-18,0.0,0.0,0.0,6.942905738260019,0.0,6.1371841155234845,15.65322774789455,6.203007518796992
06055,Napa County,CA,2026-03-28,0.0,0.0,CA,38.5071,-122.325904,0.0,0.0,2.0,0.13999999999999999,3,2026-04-18,0.0,0.0,0.0,6.942905738260019,0.0,6.1371841155234845,15.65322774789455,6.203007518796992
06059,Orange County,CA,2026-03-28,0.0,0.0,CA,33.675687,-117.777207,0.0,0.0,2.0,0.13999999999999999,3,2026-04-18,0.0,0.0,0.0,6.942905738260019,0.0,6.1371841155234845,15.65322774789455,6.203007518796992
06061,Placer County,CA,2026-03-28,0.0,0.0,CA,39.062032,-120.722718,0.0,0.0,2.0,0.13999999999999999,3,2026-04-18,0.0,0.0,0.0,6.942905738260019,0.0,6.1371841155234845,15.65322774789455,6.203007518796992
06065,Riverside County,CA,2026-03-28,0.0,0.0,CA,33.729828,-116.002239,0.0,0.0,2.0,0.13999999999999999,3,2026-04-18,0.0,0.0,0.0,6.942905738260019,0.0,6.1371841155234845,15.65322774789455,6.203007518796992
06067,Sacramento County,CA,2026-03-28,0.0,0.0,CA,38.450136,-121.344329,0.0,0.0,2.0,0.13999999999999999,3,2026-04-18,0.0,0.0,0.0,6.942905738260019,0.0,6.1371841155234845,15.65322774789455,6.203007518796992
06073,San Diego County,CA,2026-03-28,0.0,0.0,CA,33.023604,-116.776117,0.0,0.0,2.0,0.13999999999999999,3,2026-04-18,0.0,0.0,0.0,6.942905738260019,0.0,6.1371841155234845,15.65322774789455,6.203007518796992
06079,San Luis Obispo County,CA,2026-03-28,0.0,0.0,CA,35.388189,-120.448897,0.0,0.0,2.0,0.13999999999999999,3,2026-04-18,0.0,0.0,0.0,6.942905738260019,0.0,6.1371841155234845,15.65322774789455,6.203007518796992
06081,San Mateo County,CA,2026-03-28,0.0,0.0,CA,37.414672,-122.371546,0.0,0.0,2.0,0.13999999999999999,3,2026-04-18,0.0,0.0,0.0,6.942905738260019,0.0,6.1371841155234845,15.65322774789455,6.203007518796992
06085,Santa Clara County,CA,2026-03-28,0.0,0.0,CA,37.221614,-121.68954,0.0,0.0,2.0,0.13999999999999999,3,2026-04-18,0.0,0.0,0.0,6.942905738260019,0.0,6.1371841155234845,15.65322774789455,6.203007518796992
06089,Shasta County,CA,2026-03-28,0.0,0.0,CA,40.760514,-122.043556,0.0,0.0,2.0,0.13999999999999999,3,2026-04-18,0.0,0.0,0.0,6.942905738260019,0.0,6.1371841155234845,15.65322774789455,6.203007518796992
06107,Tulare County,CA,2026-03-28,0.0,0.0,CA,36.228834,-118.781055,0.0,0.0,2.0,0.13999999999999999,3,2026-04-18,0.0,0.0,0.0,6.942905738260019,0.0,6.1371841155234845,15.65322774789455,6.203007518796992
06109,Tuolumne County,CA,2026-03-28,0.0,0.0,CA,38.021434,-119.964733,0.0,0.0,2.0,0.13999999999999999,3,2026-04-18,0.0,0.0,0.0,6.942905738260019,0.0,6.1371841155234845,15.65322774789455,6.203007518796992
06113,Yolo County,CA,2026-03-28,0.0,0.0,CA,38.679609,-121.90275,0.0,0.0,2.0,0.13999999999999999,3,2026-04-18,0.0,0.0,0.0,6.942905738260019,0.0,6.1371841155234845,15.65322774789455,6.203007518796992
08001,Adams County,CO,2026-03-28,0.0,0.0,CO,39.874325,-104.331872,0.0,0.0,8.099999999999994,0.2619999999999999,3,2026-04-18,0.0,0.0,0.0,38.88395666135115,0.0,36.96750902527073,42.58927339032455,73.49624060150376
08005,Arapahoe County,CO,2026-03-28,0.0,0.0,CO,39.644554,-104.331706,0.0,0.0,8.099999999999994,0.2619999999999999,3,2026-04-18,0.0,0.0,0.0,38.88395666135115,0.0,36.96750902527073,42.58927339032455,73.49624060150376
08007,Archuleta County,CO,2026-03-28,0.0,0.0,CO,37.202395,-107.050863,0.0,0.0,8.099999999999994,0.2619999999999999,3,2026-04-18,0.0,0.0,0.0,38.88395666135115,0.0,36.96750902527073,42.58927339032455,73.49624060150376
08013,Boulder County,CO,2026-03-28,0.0,0.0,CO,40.094971,-105.39771,0.0,0.0,8.099999999999994,0.2619999999999999,3,2026-04-18,0.0,0.0,0.0,38.88395666135115,0.0,36.96750902527073,42.58927339032455,73.49624060150376
08014,Broomfield County,CO,2026-03-28,0.0,0.0,CO,39.953877,-105.050898,0.0,0.0,8.099999999999994,0.2619999999999999,3,2026-04-18,0.0,0.0,0.0,38.88395666135115,0.0,36.96750902527073,42.58927339032455,73.49624060150376
08031,Denver County,CO,2026-03-28,0.0,0.0,CO,39.76185,-104.881105,0.0,0.0,8.099999999999994,0.2619999999999999,3,2026-04-18,0.0,0.0,0.0,38.88395666135115,0.0,36.96750902527073,42.58927339032455,73.49624060150376
08041,El Paso County,CO,2026-03-28,0.0,0.0,CO,38.8311,-104.527681,0.0,0.0,8.099999999999994,0.2619999999999999,3,2026-04-18,0.0,0.0,0.0,38.88395666135115,0.0,36.96750902527073,42.58927339032455,73.49624060150376
08077,Mesa County,CO,2026-03-28,0.0,0.0,CO,39.019524,-108.460571,0.0,0.0,8.099999999999994,0.2619999999999999,3,2026-04-18,0.0,0.0,0.0,38.88395666135115,0.0,36.96750902527073,42.58927339032455,73.49624060150376
08083,Montezuma County,CO,2026-03-28,0.0,0.0,CO,37.338025,-108.595786,0.0,0.0,8.099999999999994,0.2619999999999999,3,2026-04-18,0.0,0.0,0.0,38.88395666135115,0.0,36.96750902527073,42.58927339032455,73.49624060150376
08101,Pueblo County,CO,2026-03-28,0.0,0.0,CO,38.162765,-104.484668,0.0,0.0,8.099999999999994,0.2619999999999999,3,2026-04-18,0.0,0.0,0.0,38.88395666135115,0.0,36.96750902527073,42.58927339032455,73.49624060150376
08109,Saguache County,CO,2026-03-28,0.0,0.0,CO,38.031651,-106.234666,0.0,0.0,8.099999999999994,0.2619999999999999,3,2026-04-18,0.0,0.0,0.0,38.88395666135115,0.0,36.96750902527073,42.58927339032455,73.49624060150376
08123,Weld County,CO,2026-03-28,0.0,0.0,CO,40.555961,-104.383666,0.0,0.0,8.099999999999994,0.2619999999999999,3,2026-04-18,0.0,0.0,0.0,38.88395666135115,0.0,36.96750902527073,42.58927339032455,73.49624060150376
09170,South Central Connecticut Planning Region,CT,2026-03-28,0.0,0.0,CT,41.290167,-72.837024,0.0,0.0,1.0999999999999943,0.12199999999999987,3,2026-04-18,0.0,0.0,0.0,2.2037258268667115,0.0,1.5884476534295935,11.436629620448771,0.37593984962406013
11001,District of Columbia,DC,2026-03-28,0.0,0.0,DC,38.904243,-77.016524,0.0,0.0,4.849999999999994,0.19699999999999987,3,2026-04-18,0.0,0.0,0.0,21.90360190431934,0.0,20.541516245487344,28.57956324508501,19.924812030075188
12001,Alachua County,FL,2026-03-28,0.0,0.0,FL,29.67574,-82.357221,0.0,0.0,8.150000000000006,0.2630000000000001,3,2026-04-18,0.0,0.0,0.0,39.14457016902546,0.0,37.220216606498234,42.79912474646435,78.57142857142857
12011,Broward County,FL,2026-03-28,0.0,0.0,FL,26.193535,-80.476683,0.0,0.0,8.150000000000006,0.2630000000000001,3,2026-04-18,0.0,0.0,0.0,39.14457016902546,0.0,37.220216606498234,42.79912474646435,78.57142857142857
12021,Collier County,FL,2026-03-28,0.0,0.0,FL,26.118786,-81.400955,0.0,0.0,8.150000000000006,0.2630000000000001,3,2026-04-18,0.0,0.0,0.0,39.14457016902546,0.0,37.220216606498234,42.79912474646435,78.57142857142857
12031,Duval County,FL,2026-03-28,0.0,0.0,FL,30.335245,-81.648113,0.0,0.0,8.150000000000006,0.2630000000000001,3,2026-04-18,0.0,0.0,0.0,39.14457016902546,0.0,37.220216606498234,42.79912474646435,78.57142857142857
12033,Escambia County,FL,2026-03-28,0.0,0.0,FL,30.529998,-87.320322,0.0,0.0,8.150000000000006,0.2630000000000001,3,2026-04-18,0.0,0.0,0.0,39.14457016902546,0.0,37.220216606498234,42.79912474646435,78.57142857142857
12057,Hillsborough County,FL,2026-03-28,0.0,0.0,FL,27.893154,-82.379991,0.0,0.0,8.150000000000006,0.2630000000000001,3,2026-04-18,0.0,0.0,0.0,39.14457016902546,0.0,37.220216606498234,42.79912474646435,78.57142857142857
12071,Lee County,FL,2026-03-28,0.0,0.0,FL,26.563273,-81.984182,0.0,0.0,8.150000000000006,0.2630000000000001,3,2026-04-18,0.0,0.0,0.0,39.14457016902546,0.0,37.220216606498234,42.79912474646435,78.57142857142857
12073,Leon County,FL,2026-03-28,0.0,0.0,FL,30.45931,-84.2778,0.0,0.0,8.150000000000006,0.2630000000000001,3,2026-04-18,0.0,0.0,0.0,39.14457016902546,0.0,37.220216606498234,42.79912474646435,78.57142857142857
12081,Manatee County,FL,2026-03-28,0.0,0.0,FL,27.475556,-82.393144,0.0,0.0,8.150000000000006,0.2630000000000001,3,2026-04-18,0.0,0.0,0.0,39.14457016902546,0.0,37.220216606498234,42.79912474646435,78.57142857142857
12086,Miami-Dade County,FL,2026-03-28,0.0,0.0,FL,25.616009,-80.50375,0.0,0.0,8.150000000000006,0.2630000000000001,3,2026-04-18,0.0,0.0,0.0,39.14457016902546,0.0,37.220216606498234,42.79912474646435,78.57142857142857
12091,Okaloosa County,FL,2026-03-28,0.0,0.0,FL,30.614325,-86.59108,0.0,0.0,8.150000000000006,0.2630000000000001,3,2026-04-18,0.0,0.0,0.0,39.14457016902546,0.0,37.220216606498234,42.79912474646435,78.57142857142857
12097,Osceola County,FL,2026-03-28,0.0,0.0,FL,28.059027,-81.139312,0.0,0.0,8.150000000000006,0.2630000000000001,3,2026-04-18,0.0,0.0,0.0,39.14457016902546,0.0,37.220216606498234,42.79912474646435,78.57142857142857
12101,Pasco County,FL,2026-03-28,0.0,0.0,FL,28.30474,-82.502367,0.0,0.0,8.150000000000006,0.2630000000000001,3,2026-04-18,0.0,0.0,0.0,39.14457016902546,0.0,37.220216606498234,42.79912474646435,78.57142857142857
12103,Pinellas County,FL,2026-03-28,0.0,0.0,FL,27.905342,-82.798066,0.0,0.0,8.150000000000006,0.2630000000000001,3,2026-04-18,0.0,0.0,0.0,39.14457016902546,0.0,37.220216606498234,42.79912474646435,78.57142857142857
12109,St. Johns County,FL,2026-03-28,0.0,0.0,FL,29.881397,-81.388282,0.0,0.0,8.150000000000006,0.2630000000000001,3,2026-04-18,0.0,0.0,0.0,39.14457016902546,0.0,37.220216606498234,42.79912474646435,78.57142857142857
13029,Bryan County,GA,2026-03-28,0.0,0.0,GA,32.017969,-81.438543,0.0,0.0,9.0,0.28,3,2026-04-18,0.0,0.0,0.0,43.57223843777656,0.0,41.51624548736462,46.341398903188114,88.90977443609023
13121,Fulton County,GA,2026-03-28,0.0,0.0,GA,33.790034,-84.468182,0.0,0.0,9.0,0.28,3,2026-04-18,0.0,0.0,0.0,43.57223843777656,0.0,41.51624548736462,46.341398903188114,88.90977443609023
15003,Honolulu County,HI,2026-03-28,0.0,0.0,HI,21.461365,-158.201974,0.0,0.0,7.799999999999997,0.25599999999999995,3,2026-04-18,0.0,0.0,0.0,37.31989178849196,0.0,35.45126353790612,41.32666262919857,67.66917293233082
16017,Bonner County,ID,2026-03-28,0.0,0.0,ID,48.324634,-116.62745,0.0,0.0,18.0,0.4600000000000001,3,2026-04-18,0.0,0.0,0.0,90.16337273924212,0.0,87.00361010830322,81.20088694198718,99.06015037593986
16019,Bonneville County,ID,2026-03-28,0.0,0.0,ID,43.395171,-111.621878,0.0,0.0,18.0,0.4600000000000001,3,2026-04-18,0.0,0.0,0.0,90.16337273924212,0.0,87.00361010830322,81.20088694198718,99.06015037593986
16021,Boundary County,ID,2026-03-28,0.0,0.0,ID,48.773131,-116.524668,0.0,0.0,18.0,0.4600000000000001,3,2026-04-18,0.0,0.0,0.0,90.16337273924212,0.0,87.00361010830322,81.20088694198718,99.06015037593986
16027,Canyon County,ID,2026-03-28,0.0,0.0,ID,43.625795,-116.709058,0.0,0.0,18.0,0.4600000000000001,3,2026-04-18,0.0,0.0,0.0,90.16337273924212,0.0,87.00361010830322,81.20088694198718,99.06015037593986
16055,Kootenai County,ID,2026-03-28,0.0,0.0,ID,47.67596,-116.695861,0.0,0.0,18.0,0.4600000000000001,3,2026-04-18,0.0,0.0,0.0,90.16337273924212,0.0,87.00361010830322,81.20088694198718,99.06015037593986
16065,Madison County,ID,2026-03-28,0.0,0.0,ID,43.788614,-111.656993,0.0,0.0,18.0,0.4600000000000001,3,2026-04-18,0.0,0.0,0.0,90.16337273924212,0.0,87.00361010830322,81.20088694198718,99.06015037593986
17031,Cook County,IL,2026-03-28,0.0,0.0,IL,41.894294,-87.645455,0.0,0.0,5.450000000000003,0.20900000000000005,3,2026-04-18,0.0,0.0,0.0,25.044614920230728,0.0,23.57400722021663,31.222351475717296,42.29323308270676
17199,Williamson County,IL,2026-03-28,0.0,0.0,IL,37.730353,-88.930018,0.0,0.0,5.450000000000003,0.20900000000000005,3,2026-04-18,0.0,0.0,0.0,25.044614920230728,0.0,23.57400722021663,31.222351475717296,42.29323308270676
18003,Allen County,IN,2026-03-28,0.0,0.0,IN,41.091909,-85.071791,0.0,0.0,5.900000000000006,0.21800000000000008,3,2026-04-18,0.0,0.0,0.0,27.39849450242241,0.0,25.848375451263575,33.1872850062528,43.233082706766915
18089,Lake County,IN,2026-03-28,0.0,0.0,IN,41.472247,-87.374337,0.0,0.0,5.900000000000006,0.21800000000000008,3,2026-04-18,0.0,0.0,0.0,27.39849450242241,0.0,25.848375451263575,33.1872850062528,43.233082706766915
18133,Putnam County,IN,2026-03-28,0.0,0.0,IN,39.665548,-86.853373,0.0,0.0,5.900000000000006,0.21800000000000008,3,2026-04-18,0.0,0.0,0.0,27.39849450242241,0.0,25.848375451263575,33.1872850062528,43.233082706766915
20069,Gray County,KS,2026-03-28,0.0,0.0,KS,37.744513,-100.451715,0.0,0.0,6.299999999999997,0.22599999999999992,3,2026-04-18,0.0,0.0,0.0,29.48950038918344,0.0,27.87003610108302,34.92174176250108,48.1203007518797
20081,Haskell County,KS,2026-03-28,0.0,0.0,KS,37.554979,-100.879952,0.0,0.0,6.299999999999997,0.22599999999999992,3,2026-04-18,0.0,0.0,0.0,29.48950038918344,0.0,27.87003610108302,34.92174176250108,48.1203007518797
20097,Kiowa County,KS,2026-03-28,0.0,0.0,KS,37.561231,-99.286538,0.0,0.0,6.299999999999997,0.22599999999999992,3,2026-04-18,0.0,0.0,0.0,29.48950038918344,0.0,27.87003610108302,34.92174176250108,48.1203007518797
20145,Pawnee County,KS,2026-03-28,0.0,0.0,KS,38.181477,-99.234772,0.0,0.0,6.299999999999997,0.22599999999999992,3,2026-04-18,0.0,0.0,0.0,29.48950038918344,0.0,27.87003610108302,34.92174176250108,48.1203007518797
20189,Stevens County,KS,2026-03-28,0.0,0.0,KS,37.2017,-101.317268,0.0,0.0,6.299999999999997,0.22599999999999992,3,2026-04-18,0.0,0.0,0.0,29.48950038918344,0.0,27.87003610108302,34.92174176250108,48.1203007518797
21067,Fayette County,KY,2026-03-28,0.0,0.0,KY,38.040678,-84.458272,0.0,0.0,7.549999999999997,0.25099999999999995,3,2026-04-18,0.0,0.0,0.0,36.01599855580287,0.0,34.187725631768934,40.26987094768462,59.58646616541353
21073,Franklin County,KY,2026-03-28,0.0,0.0,KY,38.234919,-84.868786,0.0,0.0,7.549999999999997,0.25099999999999995,3,2026-04-18,0.0,0.0,0.0,36.01599855580287,0.0,34.187725631768934,40.26987094768462,59.58646616541353
21111,Jefferson County,KY,2026-03-28,0.0,0.0,KY,38.189532,-85.657624,0.0,0.0,7.549999999999997,0.25099999999999995,3,2026-04-18,0.0,0.0,0.0,36.01599855580287,0.0,34.187725631768934,40.26987094768462,59.58646616541353
21113,Jessamine County,KY,2026-03-28,0.0,0.0,KY,37.873291,-84.58396,0.0,0.0,7.549999999999997,0.25099999999999995,3,2026-04-18,0.0,0.0,0.0,36.01599855580287,0.0,34.187725631768934,40.26987094768462,59.58646616541353
21219,Todd County,KY,2026-03-28,0.0,0.0,KY,36.840338,-87.183642,0.0,0.0,7.549999999999997,0.25099999999999995,3,2026-04-18,0.0,0.0,0.0,36.01599855580287,0.0,34.187725631768934,40.26987094768462,59.58646616541353
21239,Woodford County,KY,2026-03-28,0.0,0.0,KY,38.043103,-84.748855,0.0,0.0,7.549999999999997,0.25099999999999995,3,2026-04-18,0.0,0.0,0.0,36.01599855580287,0.0,34.187725631768934,40.26987094768462,59.58646616541353
22071,Orleans Parish,LA,2026-03-28,0.0,0.0,LA,30.05342,-89.934502,0.0,0.0,5.25,0.205,3,2026-04-18,0.0,0.0,0.0,23.997931207061164,0.0,22.563176895306867,30.344347943818473,21.052631578947366
23019,Penobscot County,ME,2026-03-28,0.0,0.0,ME,45.409284,-68.666616,0.0,0.0,1.5,0.12999999999999998,3,2026-04-18,0.0,0.0,0.0,4.3109364356395705,0.0,3.6101083032491164,13.318963103538362,3.007518796992481
24027,Howard County,MD,2026-03-28,0.0,0.0,MD,39.252264,-76.924406,0.0,0.0,2.9000000000000057,0.1580000000000001,3,2026-04-18,0.0,0.0,0.0,11.674846720106709,0.0,10.685920577617372,19.803766784267278,10.338345864661653
24033,Prince George's County,MD,2026-03-28,0.0,0.0,MD,38.829278,-76.848188,0.0,0.0,2.9000000000000057,0.1580000000000001,3,2026-04-18,0.0,0.0,0.0,11.674846720106709,0.0,10.685920577617372,19.803766784267278,10.338345864661653
25025,Suffolk County,MA,2026-03-28,0.0,0.0,MA,42.338551,-71.018253,0.0,0.0,2.3499999999999943,0.14699999999999988,3,2026-04-18,0.0,0.0,0.0,8.783952671989516,0.0,7.90613718411551,17.275061638894254,9.398496240601503
26005,Allegan County,MI,2026-03-28,0.0,0.0,MI,42.421251,-86.261403,0.0,0.0,7.599999999999994,0.2519999999999999,3,2026-04-18,0.0,0.0,0.0,36.27681418632715,0.0,34.44043321299637,40.48156678257954,64.09774436090225
26055,Grand Traverse County,MI,2026-03-28,0.0,0.0,MI,44.718688,-85.553848,0.0,0.0,7.599999999999994,0.2519999999999999,3,2026-04-18,0.0,0.0,0.0,36.27681418632715,0.0,34.44043321299637,40.48156678257954,64.09774436090225
26065,Ingham County,MI,2026-03-28,0.0,0.0,MI,42.603534,-84.373811,0.0,0.0,7.599999999999994,0.2519999999999999,3,2026-04-18,0.0,0.0,0.0,36.27681418632715,0.0,34.44043321299637,40.48156678257954,64.09774436090225
26081,Kent County,MI,2026-03-28,0.0,0.0,MI,43.032497,-85.547446,0.0,0.0,7.599999999999994,0.2519999999999999,3,2026-04-18,0.0,0.0,0.0,36.27681418632715,0.0,34.44043321299637,40.48156678257954,64.09774436090225
26099,Macomb County,MI,2026-03-28,0.0,0.0,MI,42.671553,-82.911456,0.0,0.0,7.599999999999994,0.2519999999999999,3,2026-04-18,0.0,0.0,0.0,36.27681418632715,0.0,34.44043321299637,40.48156678257954,64.09774436090225
26103,Marquette County,MI,2026-03-28,0.0,0.0,MI,46.656596,-87.584028,0.0,0.0,7.599999999999994,0.2519999999999999,3,2026-04-18,0.0,0.0,0.0,36.27681418632715,0.0,34.44043321299637,40.48156678257954,64.09774436090225
26115,Monroe County,MI,2026-03-28,0.0,0.0,MI,41.916097,-83.487106,0.0,0.0,7.599999999999994,0.2519999999999999,3,2026-04-18,0.0,0.0,0.0,36.27681418632715,0.0,34.44043321299637,40.48156678257954,64.09774436090225
26117,Montcalm County,MI,2026-03-28,0.0,0.0,MI,43.312782,-85.149468,0.0,0.0,7.599999999999994,0.2519999999999999,3,2026-04-18,0.0,0.0,0.0,36.27681418632715,0.0,34.44043321299637,40.48156678257954,64.09774436090225
26121,Muskegon County,MI,2026-03-28,0.0,0.0,MI,43.428739,-86.420908,0.0,0.0,7.599999999999994,0.2519999999999999,3,2026-04-18,0.0,0.0,0.0,36.27681418632715,0.0,34.44043321299637,40.48156678257954,64.09774436090225
26125,Oakland County,MI,2026-03-28,0.0,0.0,MI,42.660452,-83.38421,0.0,0.0,7.599999999999994,0.2519999999999999,3,2026-04-18,0.0,0.0,0.0,36.27681418632715,0.0,34.44043321299637,40.48156678257954,64.09774436090225
26133,Osceola County,MI,2026-03-28,0.0,0.0,MI,43.997552,-85.322283,0.0,0.0,7.599999999999994,0.2519999999999999,3,2026-04-18,0.0,0.0,0.0,36.27681418632715,0.0,34.44043321299637,40.48156678257954,64.09774436090225
26161,Washtenaw County,MI,2026-03-28,0.0,0.0,MI,42.252217,-83.843423,0.0,0.0,7.599999999999994,0.2519999999999999,3,2026-04-18,0.0,0.0,0.0,36.27681418632715,0.0,34.44043321299637,40.48156678257954,64.09774436090225
27037,Dakota County,MN,2026-03-28,0.0,0.0,MN,44.670893,-93.062481,0.0,0.0,9.700000000000003,0.29400000000000004,3,2026-04-18,0.0,0.0,0.0,47.21470193247016,0.0,45.054151624548744,49.2234184073705,90.0375939849624
27053,Hennepin County,MN,2026-03-28,0.0,0.0,MN,45.006121,-93.475228,0.0,0.0,9.700000000000003,0.29400000000000004,3,2026-04-18,0.0,0.0,0.0,47.21470193247016,0.0,45.054151624548744,49.2234184073705,90.0375939849624
27109,Olmsted County,MN,2026-03-28,0.0,0.0,MN,43.999688,-92.410155,0.0,0.0,9.700000000000003,0.29400000000000004,3,2026-04-18,0.0,0.0,0.0,47.21470193247016,0.0,45.054151624548744,49.2234184073705,90.0375939849624
27163,Washington County,MN,2026-03-28,0.0,0.0,MN,45.037929,-92.890117,0.0,0.0,9.700000000000003,0.29400000000000004,3,2026-04-18,0.0,0.0,0.0,47.21470193247016,0.0,45.054151624548744,49.2234184073705,90.0375939849624
29039,Cedar County,MO,2026-03-28,0.0,0.0,MO,37.733655,-93.850014,0.0,0.0,7.599999999999994,0.2519999999999999,3,2026-04-18,0.0,0.0,0.0,36.27681418632715,0.0,34.44043321299637,40.48156678257954,64.09774436090225
29095,Jackson County,MO,2026-03-28,0.0,0.0,MO,39.005364,-94.343211,0.0,0.0,7.599999999999994,0.2519999999999999,3,2026-04-18,0.0,0.0,0.0,36.27681418632715,0.0,34.44043321299637,40.48156678257954,64.09774436090225
29143,New Madrid County,MO,2026-03-28,0.0,0.0,MO,36.594261,-89.655948,0.0,0.0,7.599999999999994,0.2519999999999999,3,2026-04-18,0.0,0.0,0.0,36.27681418632715,0.0,34.44043321299637,40.48156678257954,64.09774436090225
29213,Taney County,MO,2026-03-28,0.0,0.0,MO,36.649827,-93.042819,0.0,0.0,7.599999999999994,0.2519999999999999,3,2026-04-18,0.0,0.0,0.0,36.27681418632715,0.0,34.44043321299637,40.48156678257954,64.09774436090225
30013,Cascade County,MT,2026-03-28,0.0,0.0,MT,47.316575,-111.350262,0.0,0.0,7.5,0.24999999999999997,3,2026-04-18,0.0,0.0,0.0,35.75516437414643,0.0,33.93501805054152,40.05800582381933,57.330827067669176
30029,Flathead County,MT,2026-03-28,0.0,0.0,MT,48.295422,-114.052059,0.0,0.0,7.5,0.24999999999999997,3,2026-04-18,0.0,0.0,0.0,35.75516437414643,0.0,33.93501805054152,40.05800582381933,57.330827067669176
30031,Gallatin County,MT,2026-03-28,0.0,0.0,MT,45.518054,-111.163921,0.0,0.0,7.5,0.24999999999999997,3,2026-04-18,0.0,0.0,0.0,35.75516437414643,0.0,33.93501805054152,40.05800582381933,57.330827067669176
30041,Hill County,MT,2026-03-28,0.0,0.0,MT,48.631959,-110.106321,0.0,0.0,7.5,0.24999999999999997,3,2026-04-18,0.0,0.0,0.0,35.75516437414643,0.0,33.93501805054152,40.05800582381933,57.330827067669176
30049,Lewis and Clark County,MT,2026-03-28,0.0,0.0,MT,47.122105,-112.38289,0.0,0.0,7.5,0.24999999999999997,3,2026-04-18,0.0,0.0,0.0,35.75516437414643,0.0,33.93501805054152,40.05800582381933,57.330827067669176
30111,Yellowstone County,MT,2026-03-28,0.0,0.0,MT,45.936987,-108.276656,0.0,0.0,7.5,0.24999999999999997,3,2026-04-18,0.0,0.0,0.0,35.75516437414643,0.0,33.93501805054152,40.05800582381933,57.330827067669176
31109,Lancaster County,NE,2026-03-28,0.0,0.0,NE,40.783547,-96.688658,0.0,0.0,4.5,0.18999999999999997,3,2026-04-18,0.0,0.0,0.0,20.070000545765115,0.0,18.772563176895318,27.02567419667935,19.172932330827066
31141,Platte County,NE,2026-03-28,0.0,0.0,NE,41.576866,-97.513467,0.0,0.0,4.5,0.18999999999999997,3,2026-04-18,0.0,0.0,0.0,20.070000545765115,0.0,18.772563176895318,27.02567419667935,19.172932330827066
31161,Sheridan County,NE,2026-03-28,0.0,0.0,NE,42.512289,-102.36828,0.0,0.0,4.5,0.18999999999999997,3,2026-04-18,0.0,0.0,0.0,20.070000545765115,0.0,18.772563176895318,27.02567419667935,19.172932330827066
32003,Clark County,NV,2026-03-28,0.0,0.0,NV,36.21413,-115.014398,0.0,0.0,7.599999999999994,0.2519999999999999,3,2026-04-18,0.0,0.0,0.0,36.27681418632715,0.0,34.44043321299637,40.48156678257954,64.09774436090225
32031,Washoe County,NV,2026-03-28,0.0,0.0,NV,40.73132,-119.663269,0.0,0.0,7.599999999999994,0.2519999999999999,3,2026-04-18,0.0,0.0,0.0,36.27681418632715,0.0,34.44043321299637,40.48156678257954,64.09774436090225
34003,Bergen County,NJ,2026-03-28,0.0,0.0,NJ,40.959698,-74.074727,0.0,0.0,5.950000000000003,0.21900000000000006,3,2026-04-18,0.0,0.0,0.0,27.659938397451345,0.0,26.101083032490997,33.40471408967081,45.48872180451128
34017,Hudson County,NJ,2026-03-28,0.0,0.0,NJ,40.731375,-74.078601,0.0,0.0,5.950000000000003,0.21900000000000006,3,2026-04-18,0.0,0.0,0.0,27.659938397451345,0.0,26.101083032490997,33.40471408967081,45.48872180451128
34029,Ocean County,NJ,2026-03-28,0.0,0.0,NJ,39.865669,-74.258864,0.0,0.0,5.950000000000003,0.21900000000000006,3,2026-04-18,0.0,0.0,0.0,27.659938397451345,0.0,26.101083032490997,33.40471408967081,45.48872180451128
34031,Passaic County,NJ,2026-03-28,0.0,0.0,NJ,41.036655,-74.299408,0.0,0.0,5.950000000000003,0.21900000000000006,3,2026-04-18,0.0,0.0,0.0,27.659938397451345,0.0,26.101083032490997,33.40471408967081,45.48872180451128
35005,Chaves County,NM,2026-03-28,0.0,0.0,NM,33.361604,-104.469837,0.0,0.0,3.5999999999999943,0.17199999999999985,3,2026-04-18,0.0,0.0,0.0,15.350383895902544,0.0,14.22382671480143,22.98760125957047,12.593984962406015
35009,Curry County,NM,2026-03-28,0.0,0.0,NM,34.572984,-103.346055,0.0,0.0,3.5999999999999943,0.17199999999999985,3,2026-04-18,0.0,0.0,0.0,15.350383895902544,0.0,14.22382671480143,22.98760125957047,12.593984962406015
35013,Doña Ana County,NM,2026-03-28,0.0,0.0,NM,32.349919,-106.834968,0.0,0.0,3.5999999999999943,0.17199999999999985,3,2026-04-18,0.0,0.0,0.0,15.350383895902544,0.0,14.22382671480143,22.98760125957047,12.593984962406015
35015,Eddy County,NM,2026-03-28,0.0,0.0,NM,32.457835,-104.306434,0.0,0.0,3.5999999999999943,0.17199999999999985,3,2026-04-18,0.0,0.0,0.0,15.350383895902544,0.0,14.22382671480143,22.98760125957047,12.593984962406015
35023,Hidalgo County,NM,2026-03-28,0.0,0.0,NM,31.898052,-108.751929,0.0,0.0,3.5999999999999943,0.17199999999999985,3,2026-04-18,0.0,0.0,0.0,15.350383895902544,0.0,14.22382671480143,22.98760125957047,12.593984962406015
35025,Lea County,NM,2026-03-28,0.0,0.0,NM,32.795687,-103.413271,0.0,0.0,3.5999999999999943,0.17199999999999985,3,2026-04-18,0.0,0.0,0.0,15.350383895902544,0.0,14.22382671480143,22.98760125957047,12.593984962406015
35029,Luna County,NM,2026-03-28,0.0,0.0,NM,32.184523,-107.747191,0.0,0.0,3.5999999999999943,0.17199999999999985,3,2026-04-18,0.0,0.0,0.0,15.350383895902544,0.0,14.22382671480143,22.98760125957047,12.593984962406015
35043,Sandoval County,NM,2026-03-28,0.0,0.0,NM,35.685091,-106.883119,0.0,0.0,3.5999999999999943,0.17199999999999985,3,2026-04-18,0.0,0.0,0.0,15.350383895902544,0.0,14.22382671480143,22.98760125957047,12.593984962406015
35045,San Juan County,NM,2026-03-28,0.0,0.0,NM,36.511624,-108.324578,0.0,0.0,3.5999999999999943,0.17199999999999985,3,2026-04-18,0.0,0.0,0.0,15.350383895902544,0.0,14.22382671480143,22.98760125957047,12.593984962406015
35049,Santa Fe County,NM,2026-03-28,0.0,0.0,NM,35.514531,-105.963972,0.0,0.0,3.5999999999999943,0.17199999999999985,3,2026-04-18,0.0,0.0,0.0,15.350383895902544,0.0,14.22382671480143,22.98760125957047,12.593984962406015
36061,New York County,NY,2026-03-28,0.0,0.0,NY,40.776642,-73.970187,0.0,0.0,1.1500000000000057,0.12300000000000011,3,2026-04-18,0.0,0.0,0.0,2.467207441058829,0.0,1.8411552346570887,11.672653977506371,1.6917293233082706
36069,Ontario County,NY,2026-03-28,0.0,0.0,NY,42.856357,-77.303497,0.0,0.0,1.1500000000000057,0.12300000000000011,3,2026-04-18,0.0,0.0,0.0,2.467207441058829,0.0,1.8411552346570887,11.672653977506371,1.6917293233082706
36071,Orange County,NY,2026-03-28,0.0,0.0,NY,41.40241,-74.306252,0.0,0.0,1.1500000000000057,0.12300000000000011,3,2026-04-18,0.0,0.0,0.0,2.467207441058829,0.0,1.8411552346570887,11.672653977506371,1.6917293233082706
36079,Putnam County,NY,2026-03-28,0.0,0.0,NY,41.427907,-73.743861,0.0,0.0,1.1500000000000057,0.12300000000000011,3,2026-04-18,0.0,0.0,0.0,2.467207441058829,0.0,1.8411552346570887,11.672653977506371,1.6917293233082706
36087,Rockland County,NY,2026-03-28,0.0,0.0,NY,41.154628,-74.024662,0.0,0.0,1.1500000000000057,0.12300000000000011,3,2026-04-18,0.0,0.0,0.0,2.467207441058829,0.0,1.8411552346570887,11.672653977506371,1.6917293233082706
36103,Suffolk County,NY,2026-03-28,0.0,0.0,NY,40.943554,-72.692218,0.0,0.0,1.1500000000000057,0.12300000000000011,3,2026-04-18,0.0,0.0,0.0,2.467207441058829,0.0,1.8411552346570887,11.672653977506371,1.6917293233082706
37021,Buncombe County,NC,2026-03-28,0.0,0.0,NC,35.609371,-82.530423,0.0,0.0,4.449999999999989,0.18899999999999975,3,2026-04-18,0.0,0.0,0.0,19.807975761949233,0.0,18.51985559566782,26.802944193418462,16.541353383458645
37023,Burke County,NC,2026-03-28,0.0,0.0,NC,35.746182,-81.70618,0.0,0.0,4.449999999999989,0.18899999999999975,3,2026-04-18,0.0,0.0,0.0,19.807975761949233,0.0,18.51985559566782,26.802944193418462,16.541353383458645
37025,Cabarrus County,NC,2026-03-28,0.0,0.0,NC,35.388346,-80.552728,0.0,0.0,4.449999999999989,0.18899999999999975,3,2026-04-18,0.0,0.0,0.0,19.807975761949233,0.0,18.51985559566782,26.802944193418462,16.541353383458645
37081,Guilford County,NC,2026-03-28,0.0,0.0,NC,36.079065,-79.788665,0.0,0.0,4.449999999999989,0.18899999999999975,3,2026-04-18,0.0,0.0,0.0,19.807975761949233,0.0,18.51985559566782,26.802944193418462,16.541353383458645
37101,Johnston County,NC,2026-03-28,0.0,0.0,NC,35.513419,-78.367348,0.0,0.0,4.449999999999989,0.18899999999999975,3,2026-04-18,0.0,0.0,0.0,19.807975761949233,0.0,18.51985559566782,26.802944193418462,16.541353383458645
37109,Lincoln County,NC,2026-03-28,0.0,0.0,NC,35.488491,-81.226893,0.0,0.0,4.449999999999989,0.18899999999999975,3,2026-04-18,0.0,0.0,0.0,19.807975761949233,0.0,18.51985559566782,26.802944193418462,16.541353383458645
37119,Mecklenburg County,NC,2026-03-28,0.0,0.0,NC,35.246862,-80.833832,0.0,0.0,4.449999999999989,0.18899999999999975,3,2026-04-18,0.0,0.0,0.0,19.807975761949233,0.0,18.51985559566782,26.802944193418462,16.541353383458645
37127,Nash County,NC,2026-03-28,0.0,0.0,NC,35.965945,-77.987555,0.0,0.0,4.449999999999989,0.18899999999999975,3,2026-04-18,0.0,0.0,0.0,19.807975761949233,0.0,18.51985559566782,26.802944193418462,16.541353383458645
37149,Polk County,NC,2026-03-28,0.0,0.0,NC,35.277901,-82.167621,0.0,0.0,4.449999999999989,0.18899999999999975,3,2026-04-18,0.0,0.0,0.0,19.807975761949233,0.0,18.51985559566782,26.802944193418462,16.541353383458645
37161,Rutherford County,NC,2026-03-28,0.0,0.0,NC,35.402747,-81.919582,0.0,0.0,4.449999999999989,0.18899999999999975,3,2026-04-18,0.0,0.0,0.0,19.807975761949233,0.0,18.51985559566782,26.802944193418462,16.541353383458645
37179,Union County,NC,2026-03-28,0.0,0.0,NC,34.99182,-80.530426,0.0,0.0,4.449999999999989,0.18899999999999975,3,2026-04-18,0.0,0.0,0.0,19.807975761949233,0.0,18.51985559566782,26.802944193418462,16.541353383458645
38013,Burke County,ND,2026-03-28,0.0,0.0,ND,48.786453,-102.520087,0.0,0.0,8.5,0.27,3,2026-04-18,0.0,0.0,0.0,40.96835672187488,0.0,38.98916967509025,44.26344846069418,85.90225563909775
38017,Cass County,ND,2026-03-28,0.0,0.0,ND,46.927003,-97.252375,0.0,0.0,8.5,0.27,3,2026-04-18,0.0,0.0,0.0,40.96835672187488,0.0,38.98916967509025,44.26344846069418,85.90225563909775
38035,Grand Forks County,ND,2026-03-28,0.0,0.0,ND,47.926003,-97.450851,0.0,0.0,8.5,0.27,3,2026-04-18,0.0,0.0,0.0,40.96835672187488,0.0,38.98916967509025,44.26344846069418,85.90225563909775
38067,Pembina County,ND,2026-03-28,0.0,0.0,ND,48.766896,-97.545405,0.0,0.0,8.5,0.27,3,2026-04-18,0.0,0.0,0.0,40.96835672187488,0.0,38.98916967509025,44.26344846069418,85.90225563909775
38073,Ransom County,ND,2026-03-28,0.0,0.0,ND,46.449276,-97.647554,0.0,0.0,8.5,0.27,3,2026-04-18,0.0,0.0,0.0,40.96835672187488,0.0,38.98916967509025,44.26344846069418,85.90225563909775
38097,Traill County,ND,2026-03-28,0.0,0.0,ND,47.446271,-97.164636,0.0,0.0,8.5,0.27,3,2026-04-18,0.0,0.0,0.0,40.96835672187488,0.0,38.98916967509025,44.26344846069418,85.90225563909775
38099,Walsh County,ND,2026-03-28,0.0,0.0,ND,48.376979,-97.72223,0.0,0.0,8.5,0.27,3,2026-04-18,0.0,0.0,0.0,40.96835672187488,0.0,38.98916967509025,44.26344846069418,85.90225563909775
38105,Williams County,ND,2026-03-28,0.0,0.0,ND,48.355765,-103.501333,0.0,0.0,8.5,0.27,3,2026-04-18,0.0,0.0,0.0,40.96835672187488,0.0,38.98916967509025,44.26344846069418,85.90225563909775
39003,Allen County,OH,2026-03-28,0.0,0.0,OH,40.771627,-84.106103,0.0,0.0,7.950000000000003,0.25900000000000006,3,2026-04-18,0.0,0.0,0.0,38.10200664768796,0.0,36.20938628158846,41.95872016144306,69.54887218045113
39007,Ashtabula County,OH,2026-03-28,0.0,0.0,OH,41.906637,-80.745592,0.0,0.0,7.950000000000003,0.25900000000000006,3,2026-04-18,0.0,0.0,0.0,38.10200664768796,0.0,36.20938628158846,41.95872016144306,69.54887218045113
39035,Cuyahoga County,OH,2026-03-28,0.0,0.0,OH,41.555037,-81.604957,0.0,0.0,7.950000000000003,0.25900000000000006,3,2026-04-18,0.0,0.0,0.0,38.10200664768796,0.0,36.20938628158846,41.95872016144306,69.54887218045113
39039,Defiance County,OH,2026-03-28,0.0,0.0,OH,41.321679,-84.486433,0.0,0.0,7.950000000000003,0.25900000000000006,3,2026-04-18,0.0,0.0,0.0,38.10200664768796,0.0,36.20938628158846,41.95872016144306,69.54887218045113
39049,Franklin County,OH,2026-03-28,0.0,0.0,OH,39.969875,-83.009086,0.0,0.0,7.950000000000003,0.25900000000000006,3,2026-04-18,0.0,0.0,0.0,38.10200664768796,0.0,36.20938628158846,41.95872016144306,69.54887218045113
39075,Holmes County,OH,2026-03-28,0.0,0.0,OH,40.565597,-81.930001,0.0,0.0,7.950000000000003,0.25900000000000006,3,2026-04-18,0.0,0.0,0.0,38.10200664768796,0.0,36.20938628158846,41.95872016144306,69.54887218045113
39083,Knox County,OH,2026-03-28,0.0,0.0,OH,40.40362,-82.422393,0.0,0.0,7.950000000000003,0.25900000000000006,3,2026-04-18,0.0,0.0,0.0,38.10200664768796,0.0,36.20938628158846,41.95872016144306,69.54887218045113
39119,Muskingum County,OH,2026-03-28,0.0,0.0,OH,39.966046,-81.943506,0.0,0.0,7.950000000000003,0.25900000000000006,3,2026-04-18,0.0,0.0,0.0,38.10200664768796,0.0,36.20938628158846,41.95872016144306,69.54887218045113
39123,Ottawa County,OH,2026-03-28,0.0,0.0,OH,41.545495,-83.012613,0.0,0.0,7.950000000000003,0.25900000000000006,3,2026-04-18,0.0,0.0,0.0,38.10200664768796,0.0,36.20938628158846,41.95872016144306,69.54887218045113
40109,Oklahoma County,OK,2026-03-28,0.0,0.0,OK,35.554611,-97.409401,0.0,0.0,8.349999999999994,0.2669999999999999,3,2026-04-18,0.0,0.0,0.0,40.18684248433543,0.0,38.23104693140792,43.636871921247725,81.57894736842105
41005,Clackamas County,OR,2026-03-28,0.0,0.0,OR,45.160493,-122.195127,0.0,0.0,8.950000000000003,0.279,3,2026-04-18,0.0,0.0,0.0,43.31193046597792,0.0,41.2635379061372,46.134335724789665,87.96992481203007
41043,Linn County,OR,2026-03-28,0.0,0.0,OR,44.488898,-122.537208,0.0,0.0,8.950000000000003,0.279,3,2026-04-18,0.0,0.0,0.0,43.31193046597792,0.0,41.2635379061372,46.134335724789665,87.96992481203007
41051,Multnomah County,OR,2026-03-28,0.0,0.0,OR,45.547711,-122.417363,0.0,0.0,8.950000000000003,0.279,3,2026-04-18,0.0,0.0,0.0,43.31193046597792,0.0,41.2635379061372,46.134335724789665,87.96992481203007
42017,Bucks County,PA,2026-03-28,0.0,0.0,PA,40.336887,-75.10706,0.0,0.0,6.799999999999997,0.23599999999999993,3,2026-04-18,0.0,0.0,0.0,32.10152120274503,0.0,30.39711191335739,37.07396580996758,53.75939849624061
42029,Chester County,PA,2026-03-28,0.0,0.0,PA,39.974029,-75.749751,0.0,0.0,6.799999999999997,0.23599999999999993,3,2026-04-18,0.0,0.0,0.0,32.10152120274503,0.0,30.39711191335739,37.07396580996758,53.75939849624061
42041,Cumberland County,PA,2026-03-28,0.0,0.0,PA,40.164805,-77.263442,0.0,0.0,6.799999999999997,0.23599999999999993,3,2026-04-18,0.0,0.0,0.0,32.10152120274503,0.0,30.39711191335739,37.07396580996758,53.75939849624061
42049,Erie County,PA,2026-03-28,0.0,0.0,PA,42.117952,-80.096386,0.0,0.0,6.799999999999997,0.23599999999999993,3,2026-04-18,0.0,0.0,0.0,32.10152120274503,0.0,30.39711191335739,37.07396580996758,53.75939849624061
42071,Lancaster County,PA,2026-03-28,0.0,0.0,PA,40.041992,-76.250198,0.0,0.0,6.799999999999997,0.23599999999999993,3,2026-04-18,0.0,0.0,0.0,32.10152120274503,0.0,30.39711191335739,37.07396580996758,53.75939849624061
42091,Montgomery County,PA,2026-03-28,0.0,0.0,PA,40.209999,-75.370201,0.0,0.0,6.799999999999997,0.23599999999999993,3,2026-04-18,0.0,0.0,0.0,32.10152120274503,0.0,30.39711191335739,37.07396580996758,53.75939849624061
42101,Philadelphia County,PA,2026-03-28,0.0,0.0,PA,40.009376,-75.133346,0.0,0.0,6.799999999999997,0.23599999999999993,3,2026-04-18,0.0,0.0,0.0,32.10152120274503,0.0,30.39711191335739,37.07396580996758,53.75939849624061
44007,Providence County,RI,2026-03-28,0.0,0.0,RI,41.869768,-71.578625,0.0,0.0,2.549999999999997,0.15099999999999994,3,2026-04-18,0.0,0.0,0.0,9.835493147361447,0.0,8.916967509025273,18.197385714953665,9.774436090225564
45085,Sumter County,SC,2026-03-28,0.0,0.0,SC,33.91614,-80.382376,0.0,0.0,6.699999999999989,0.23399999999999974,3,2026-04-18,0.0,0.0,0.0,31.579270063303944,0.0,29.89169675090247,36.6449174193989,52.255639097744364
46011,Brookings County,SD,2026-03-28,0.0,0.0,SD,44.376675,-96.797797,0.0,0.0,8.400000000000006,0.2680000000000001,3,2026-04-18,0.0,0.0,0.0,40.44736527773815,0.0,38.48375451263541,43.84589546130092,83.0827067669173
46013,Brown County,SD,2026-03-28,0.0,0.0,SD,45.589254,-98.352175,0.0,0.0,8.400000000000006,0.2680000000000001,3,2026-04-18,0.0,0.0,0.0,40.44736527773815,0.0,38.48375451263541,43.84589546130092,83.0827067669173
46019,Butte County,SD,2026-03-28,0.0,0.0,SD,44.896226,-103.501436,0.0,0.0,8.400000000000006,0.2680000000000001,3,2026-04-18,0.0,0.0,0.0,40.44736527773815,0.0,38.48375451263541,43.84589546130092,83.0827067669173
46051,Grant County,SD,2026-03-28,0.0,0.0,SD,45.172637,-96.772261,0.0,0.0,8.400000000000006,0.2680000000000001,3,2026-04-18,0.0,0.0,0.0,40.44736527773815,0.0,38.48375451263541,43.84589546130092,83.0827067669173
46083,Lincoln County,SD,2026-03-28,0.0,0.0,SD,43.279422,-96.722288,0.0,0.0,8.400000000000006,0.2680000000000001,3,2026-04-18,0.0,0.0,0.0,40.44736527773815,0.0,38.48375451263541,43.84589546130092,83.0827067669173
46093,Meade County,SD,2026-03-28,0.0,0.0,SD,44.605282,-102.714169,0.0,0.0,8.400000000000006,0.2680000000000001,3,2026-04-18,0.0,0.0,0.0,40.44736527773815,0.0,38.48375451263541,43.84589546130092,83.0827067669173
46103,Pennington County,SD,2026-03-28,0.0,0.0,SD,44.002349,-102.823801,0.0,0.0,8.400000000000006,0.2680000000000001,3,2026-04-18,0.0,0.0,0.0,40.44736527773815,0.0,38.48375451263541,43.84589546130092,83.0827067669173
48003,Andrews County,TX,2026-03-28,0.0,0.0,TX,32.312258,-102.640206,0.0,0.0,5.400000000000006,0.2080000000000001,3,2026-04-18,0.0,0.0,0.0,24.78297386793642,0.0,23.321299638989206,31.00312322715135,31.57894736842105
48013,Atascosa County,TX,2026-03-28,0.0,0.0,TX,28.891478,-98.535381,0.0,0.0,5.400000000000006,0.2080000000000001,3,2026-04-18,0.0,0.0,0.0,24.78297386793642,0.0,23.321299638989206,31.00312322715135,31.57894736842105
48017,Bailey County,TX,2026-03-28,0.0,0.0,TX,34.067521,-102.830345,0.0,0.0,5.400000000000006,0.2080000000000001,3,2026-04-18,0.0,0.0,0.0,24.78297386793642,0.0,23.321299638989206,31.00312322715135,31.57894736842105
48019,Bandera County,TX,2026-03-28,0.0,0.0,TX,29.756389,-99.248285,0.0,0.0,5.400000000000006,0.2080000000000001,3,2026-04-18,0.0,0.0,0.0,24.78297386793642,0.0,23.321299638989206,31.00312322715135,31.57894736842105
48027,Bell County,TX,2026-03-28,0.0,0.0,TX,31.037009,-97.479635,0.0,0.0,5.400000000000006,0.2080000000000001,3,2026-04-18,0.0,0.0,0.0,24.78297386793642,0.0,23.321299638989206,31.00312322715135,31.57894736842105
48029,Bexar County,TX,2026-03-28,0.0,0.0,TX,29.448671,-98.520147,0.0,0.0,5.400000000000006,0.2080000000000001,3,2026-04-18,0.0,0.0,0.0,24.78297386793642,0.0,23.321299638989206,31.00312322715135,31.57894736842105
48033,Borden County,TX,2026-03-28,0.0,0.0,TX,32.73859,-101.439199,0.0,0.0,5.400000000000006,0.2080000000000001,3,2026-04-18,0.0,0.0,0.0,24.78297386793642,0.0,23.321299638989206,31.00312322715135,31.57894736842105
48039,Brazoria County,TX,2026-03-28,0.0,0.0,TX,29.167817,-95.434647,0.0,0.0,5.400000000000006,0.2080000000000001,3,2026-04-18,0.0,0.0,0.0,24.78297386793642,0.0,23.321299638989206,31.00312322715135,31.57894736842105
48043,Brewster County,TX,2026-03-28,0.0,0.0,TX,29.808997,-103.252458,0.0,0.0,5.400000000000006,0.2080000000000001,3,2026-04-18,0.0,0.0,0.0,24.78297386793642,0.0,23.321299638989206,31.00312322715135,31.57894736842105
48049,Brown County,TX,2026-03-28,0.0,0.0,TX,31.764137,-98.998456,0.0,0.0,5.400000000000006,0.2080000000000001,3,2026-04-18,0.0,0.0,0.0,24.78297386793642,0.0,23.321299638989206,31.00312322715135,31.57894736842105
48065,Carson County,TX,2026-03-28,0.0,0.0,TX,35.405496,-101.355356,0.0,0.0,5.400000000000006,0.2080000000000001,3,2026-04-18,0.0,0.0,0.0,24.78297386793642,0.0,23.321299638989206,31.00312322715135,31.57894736842105
48079,Cochran County,TX,2026-03-28,0.0,0.0,TX,33.60844,-102.830449,0.0,0.0,5.400000000000006,0.2080000000000001,3,2026-04-18,0.0,0.0,0.0,24.78297386793642,0.0,23.321299638989206,31.00312322715135,31.57894736842105
48085,Collin County,TX,2026-03-28,0.0,0.0,TX,33.194482,-96.579428,0.0,0.0,5.400000000000006,0.2080000000000001,3,2026-04-18,0.0,0.0,0.0,24.78297386793642,0.0,23.321299638989206,31.00312322715135,31.57894736842105
48111,Dallam County,TX,2026-03-28,0.0,0.0,TX,36.28637,-102.59402,0.0,0.0,5.400000000000006,0.2080000000000001,3,2026-04-18,0.0,0.0,0.0,24.78297386793642,0.0,23.321299638989206,31.00312322715135,31.57894736842105
48113,Dallas County,TX,2026-03-28,0.0,0.0,TX,32.766987,-96.778424,0.0,0.0,5.400000000000006,0.2080000000000001,3,2026-04-18,0.0,0.0,0.0,24.78297386793642,0.0,23.321299638989206,31.00312322715135,31.57894736842105
48115,Dawson County,TX,2026-03-28,0.0,0.0,TX,32.742528,-101.948771,0.0,0.0,5.400000000000006,0.2080000000000001,3,2026-04-18,0.0,0.0,0.0,24.78297386793642,0.0,23.321299638989206,31.00312322715135,31.57894736842105
48121,Denton County,TX,2026-03-28,0.0,0.0,TX,33.205132,-97.12114,0.0,0.0,5.400000000000006,0.2080000000000001,3,2026-04-18,0.0,0.0,0.0,24.78297386793642,0.0,23.321299638989206,31.00312322715135,31.57894736842105
48133,Eastland County,TX,2026-03-28,0.0,0.0,TX,32.324645,-98.83656,0.0,0.0,5.400000000000006,0.2080000000000001,3,2026-04-18,0.0,0.0,0.0,24.78297386793642,0.0,23.321299638989206,31.00312322715135,31.57894736842105
48135,Ector County,TX,2026-03-28,0.0,0.0,TX,31.865301,-102.542507,0.0,0.0,5.400000000000006,0.2080000000000001,3,2026-04-18,0.0,0.0,0.0,24.78297386793642,0.0,23.321299638989206,31.00312322715135,31.57894736842105
48141,El Paso County,TX,2026-03-28,0.0,0.0,TX,31.766456,-106.24152,0.0,0.0,5.400000000000006,0.2080000000000001,3,2026-04-18,0.0,0.0,0.0,24.78297386793642,0.0,23.321299638989206,31.00312322715135,31.57894736842105
48143,Erath County,TX,2026-03-28,0.0,0.0,TX,32.236207,-98.218336,0.0,0.0,5.400000000000006,0.2080000000000001,3,2026-04-18,0.0,0.0,0.0,24.78297386793642,0.0,23.321299638989206,31.00312322715135,31.57894736842105
48147,Fannin County,TX,2026-03-28,0.0,0.0,TX,33.591161,-96.104988,0.0,0.0,5.400000000000006,0.2080000000000001,3,2026-04-18,0.0,0.0,0.0,24.78297386793642,0.0,23.321299638989206,31.00312322715135,31.57894736842105
48157,Fort Bend County,TX,2026-03-28,0.0,0.0,TX,29.526602,-95.771015,0.0,0.0,5.400000000000006,0.2080000000000001,3,2026-04-18,0.0,0.0,0.0,24.78297386793642,0.0,23.321299638989206,31.00312322715135,31.57894736842105
48163,Frio County,TX,2026-03-28,0.0,0.0,TX,28.869383,-99.109005,0.0,0.0,5.400000000000006,0.2080000000000001,3,2026-04-18,0.0,0.0,0.0,24.78297386793642,0.0,23.321299638989206,31.00312322715135,31.57894736842105
48165,Gaines County,TX,2026-03-28,0.0,0.0,TX,32.743942,-102.631561,0.0,0.0,5.400000000000006,0.2080000000000001,3,2026-04-18,0.0,0.0,0.0,24.78297386793642,0.0,23.321299638989206,31.00312322715135,31.57894736842105
48169,Garza County,TX,2026-03-28,0.0,0.0,TX,33.183792,-101.301134,0.0,0.0,5.400000000000006,0.2080000000000001,3,2026-04-18,0.0,0.0,0.0,24.78297386793642,0.0,23.321299638989206,31.00312322715135,31.57894736842105
48189,Hale County,TX,2026-03-28,0.0,0.0,TX,34.068436,-101.822888,0.0,0.0,5.400000000000006,0.2080000000000001,3,2026-04-18,0.0,0.0,0.0,24.78297386793642,0.0,23.321299638989206,31.00312322715135,31.57894736842105
48197,Hardeman County,TX,2026-03-28,0.0,0.0,TX,34.289904,-99.745697,0.0,0.0,5.400000000000006,0.2080000000000001,3,2026-04-18,0.0,0.0,0.0,24.78297386793642,0.0,23.321299638989206,31.00312322715135,31.57894736842105
48201,Harris County,TX,2026-03-28,0.0,0.0,TX,29.857273,-95.393037,0.0,0.0,5.400000000000006,0.2080000000000001,3,2026-04-18,0.0,0.0,0.0,24.78297386793642,0.0,23.321299638989206,31.00312322715135,31.57894736842105
48203,Harrison County,TX,2026-03-28,0.0,0.0,TX,32.547991,-94.374434,0.0,0.0,5.400000000000006,0.2080000000000001,3,2026-04-18,0.0,0.0,0.0,24.78297386793642,0.0,23.321299638989206,31.00312322715135,31.57894736842105
48209,Hays County,TX,2026-03-28,0.0,0.0,TX,30.061225,-98.029267,0.0,0.0,5.400000000000006,0.2080000000000001,3,2026-04-18,0.0,0.0,0.0,24.78297386793642,0.0,23.321299638989206,31.00312322715135,31.57894736842105
48219,Hockley County,TX,2026-03-28,0.0,0.0,TX,33.605932,-102.343398,0.0,0.0,5.400000000000006,0.2080000000000001,3,2026-04-18,0.0,0.0,0.0,24.78297386793642,0.0,23.321299638989206,31.00312322715135,31.57894736842105
48229,Hudspeth County,TX,2026-03-28,0.0,0.0,TX,31.450868,-105.377549,0.0,0.0,5.400000000000006,0.2080000000000001,3,2026-04-18,0.0,0.0,0.0,24.78297386793642,0.0,23.321299638989206,31.00312322715135,31.57894736842105
48259,Kendall County,TX,2026-03-28,0.0,0.0,TX,29.943525,-98.709269,0.0,0.0,5.400000000000006,0.2080000000000001,3,2026-04-18,0.0,0.0,0.0,24.78297386793642,0.0,23.321299638989206,31.00312322715135,31.57894736842105
48277,Lamar County,TX,2026-03-28,0.0,0.0,TX,33.667263,-95.570348,0.0,0.0,5.400000000000006,0.2080000000000001,3,2026-04-18,0.0,0.0,0.0,24.78297386793642,0.0,23.321299638989206,31.00312322715135,31.57894736842105
48279,Lamb County,TX,2026-03-28,0.0,0.0,TX,34.068861,-102.348018,0.0,0.0,5.400000000000006,0.2080000000000001,3,2026-04-18,0.0,0.0,0.0,24.78297386793642,0.0,23.321299638989206,31.00312322715135,31.57894736842105
48303,Lubbock County,TX,2026-03-28,0.0,0.0,TX,33.611469,-101.819944,0.0,0.0,5.400000000000006,0.2080000000000001,3,2026-04-18,0.0,0.0,0.0,24.78297386793642,0.0,23.321299638989206,31.00312322715135,31.57894736842105
48305,Lynn County,TX,2026-03-28,0.0,0.0,TX,33.178412,-101.818493,0.0,0.0,5.400000000000006,0.2080000000000001,3,2026-04-18,0.0,0.0,0.0,24.78297386793642,0.0,23.321299638989206,31.00312322715135,31.57894736842105
48309,McLennan County,TX,2026-03-28,0.0,0.0,TX,31.549596,-97.201511,0.0,0.0,5.400000000000006,0.2080000000000001,3,2026-04-18,0.0,0.0,0.0,24.78297386793642,0.0,23.321299638989206,31.00312322715135,31.57894736842105
48317,Martin County,TX,2026-03-28,0.0,0.0,TX,32.30983,-101.961836,0.0,0.0,5.400000000000006,0.2080000000000001,3,2026-04-18,0.0,0.0,0.0,24.78297386793642,0.0,23.321299638989206,31.00312322715135,31.57894736842105
48329,Midland County,TX,2026-03-28,0.0,0.0,TX,31.814269,-102.002454,0.0,0.0,5.400000000000006,0.2080000000000001,3,2026-04-18,0.0,0.0,0.0,24.78297386793642,0.0,23.321299638989206,31.00312322715135,31.57894736842105
48369,Parmer County,TX,2026-03-28,0.0,0.0,TX,34.532163,-102.784853,0.0,0.0,5.400000000000006,0.2080000000000001,3,2026-04-18,0.0,0.0,0.0,24.78297386793642,0.0,23.321299638989206,31.00312322715135,31.57894736842105
48375,Potter County,TX,2026-03-28,0.0,0.0,TX,35.398675,-101.893804,0.0,0.0,5.400000000000006,0.2080000000000001,3,2026-04-18,0.0,0.0,0.0,24.78297386793642,0.0,23.321299638989206,31.00312322715135,31.57894736842105
48379,Rains County,TX,2026-03-28,0.0,0.0,TX,32.870457,-95.795613,0.0,0.0,5.400000000000006,0.2080000000000001,3,2026-04-18,0.0,0.0,0.0,24.78297386793642,0.0,23.321299638989206,31.00312322715135,31.57894736842105
48381,Randall County,TX,2026-03-28,0.0,0.0,TX,34.962529,-101.895547,0.0,0.0,5.400000000000006,0.2080000000000001,3,2026-04-18,0.0,0.0,0.0,24.78297386793642,0.0,23.321299638989206,31.00312322715135,31.57894736842105
48389,Reeves County,TX,2026-03-28,0.0,0.0,TX,31.308366,-103.712706,0.0,0.0,5.400000000000006,0.2080000000000001,3,2026-04-18,0.0,0.0,0.0,24.78297386793642,0.0,23.321299638989206,31.00312322715135,31.57894736842105
48397,Rockwall County,TX,2026-03-28,0.0,0.0,TX,32.90028,-96.412049,0.0,0.0,5.400000000000006,0.2080000000000001,3,2026-04-18,0.0,0.0,0.0,24.78297386793642,0.0,23.321299638989206,31.00312322715135,31.57894736842105
48415,Scurry County,TX,2026-03-28,0.0,0.0,TX,32.744353,-100.913346,0.0,0.0,5.400000000000006,0.2080000000000001,3,2026-04-18,0.0,0.0,0.0,24.78297386793642,0.0,23.321299638989206,31.00312322715135,31.57894736842105
48417,Shackelford County,TX,2026-03-28,0.0,0.0,TX,32.74382,-99.347005,0.0,0.0,5.400000000000006,0.2080000000000001,3,2026-04-18,0.0,0.0,0.0,24.78297386793642,0.0,23.321299638989206,31.00312322715135,31.57894736842105
48439,Tarrant County,TX,2026-03-28,0.0,0.0,TX,32.772119,-97.291224,0.0,0.0,5.400000000000006,0.2080000000000001,3,2026-04-18,0.0,0.0,0.0,24.78297386793642,0.0,23.321299638989206,31.00312322715135,31.57894736842105
48445,Terry County,TX,2026-03-28,0.0,0.0,TX,33.171229,-102.339284,0.0,0.0,5.400000000000006,0.2080000000000001,3,2026-04-18,0.0,0.0,0.0,24.78297386793642,0.0,23.321299638989206,31.00312322715135,31.57894736842105
48453,Travis County,TX,2026-03-28,0.0,0.0,TX,30.239513,-97.69127,0.0,0.0,5.400000000000006,0.2080000000000001,3,2026-04-18,0.0,0.0,0.0,24.78297386793642,0.0,23.321299638989206,31.00312322715135,31.57894736842105
48459,Upshur County,TX,2026-03-28,0.0,0.0,TX,32.735349,-94.941184,0.0,0.0,5.400000000000006,0.2080000000000001,3,2026-04-18,0.0,0.0,0.0,24.78297386793642,0.0,23.321299638989206,31.00312322715135,31.57894736842105
48491,Williamson County,TX,2026-03-28,0.0,0.0,TX,30.649082,-97.605065,0.0,0.0,5.400000000000006,0.2080000000000001,3,2026-04-18,0.0,0.0,0.0,24.78297386793642,0.0,23.321299638989206,31.00312322715135,31.57894736842105
48501,Yoakum County,TX,2026-03-28,0.0,0.0,TX,33.162339,-102.832241,0.0,0.0,5.400000000000006,0.2080000000000001,3,2026-04-18,0.0,0.0,0.0,24.78297386793642,0.0,23.321299638989206,31.00312322715135,31.57894736842105
49011,Davis County,UT,2026-03-28,0.0,0.0,UT,41.037559,-112.201943,0.0,0.0,10.5,0.31000000000000005,3,2026-04-18,0.0,0.0,0.0,51.37336007388019,0.0,49.09747292418772,52.47921757738793,94.54887218045113
49035,Salt Lake County,UT,2026-03-28,0.0,0.0,UT,40.667883,-111.92424,0.0,0.0,10.5,0.31000000000000005,3,2026-04-18,0.0,0.0,0.0,51.37336007388019,0.0,49.09747292418772,52.47921757738793,94.54887218045113
49037,San Juan County,UT,2026-03-28,0.0,0.0,UT,37.602633,-109.791574,0.0,0.0,10.5,0.31000000000000005,3,2026-04-18,0.0,0.0,0.0,51.37336007388019,0.0,49.09747292418772,52.47921757738793,94.54887218045113
49043,Summit County,UT,2026-03-28,0.0,0.0,UT,40.87206,-110.968486,0.0,0.0,10.5,0.31000000000000005,3,2026-04-18,0.0,0.0,0.0,51.37336007388019,0.0,49.09747292418772,52.47921757738793,94.54887218045113
49045,Tooele County,UT,2026-03-28,0.0,0.0,UT,40.467753,-113.123979,0.0,0.0,10.5,0.31000000000000005,3,2026-04-18,0.0,0.0,0.0,51.37336007388019,0.0,49.09747292418772,52.47921757738793,94.54887218045113
49049,Utah County,UT,2026-03-28,0.0,0.0,UT,40.120418,-111.668563,0.0,0.0,10.5,0.31000000000000005,3,2026-04-18,0.0,0.0,0.0,51.37336007388019,0.0,49.09747292418772,52.47921757738793,94.54887218045113
49051,Wasatch County,UT,2026-03-28,0.0,0.0,UT,40.334884,-111.161568,0.0,0.0,10.5,0.31000000000000005,3,2026-04-18,0.0,0.0,0.0,51.37336007388019,0.0,49.09747292418772,52.47921757738793,94.54887218045113
49057,Weber County,UT,2026-03-28,0.0,0.0,UT,41.270325,-111.876883,0.0,0.0,10.5,0.31000000000000005,3,2026-04-18,0.0,0.0,0.0,51.37336007388019,0.0,49.09747292418772,52.47921757738793,94.54887218045113
50015,Lamoille County,VT,2026-03-28,0.0,0.0,VT,44.611192,-72.632659,0.0,0.0,4.950000000000003,0.19900000000000004,3,2026-04-18,0.0,0.0,0.0,22.427305132434245,0.0,21.046931407942264,29.021862718887906,20.48872180451128
50023,Washington County,VT,2026-03-28,0.0,0.0,VT,44.274969,-72.609444,0.0,0.0,4.950000000000003,0.19900000000000004,3,2026-04-18,0.0,0.0,0.0,22.427305132434245,0.0,21.046931407942264,29.021862718887906,20.48872180451128
53011,Clark County,WA,2026-03-28,0.0,0.0,WA,45.77173,-122.485953,0.0,0.0,6.549999999999997,0.23099999999999993,3,2026-04-18,0.0,0.0,0.0,30.795750283210268,0.0,29.133574007220215,36.00003923502121,50.56390977443609
53025,Grant County,WA,2026-03-28,0.0,0.0,WA,47.213633,-119.467788,0.0,0.0,6.549999999999997,0.23099999999999993,3,2026-04-18,0.0,0.0,0.0,30.795750283210268,0.0,29.133574007220215,36.00003923502121,50.56390977443609
53033,King County,WA,2026-03-28,0.0,0.0,WA,47.490552,-121.833977,0.0,0.0,6.549999999999997,0.23099999999999993,3,2026-04-18,0.0,0.0,0.0,30.795750283210268,0.0,29.133574007220215,36.00003923502121,50.56390977443609
53037,Kittitas County,WA,2026-03-28,0.0,0.0,WA,47.124441,-120.676709,0.0,0.0,6.549999999999997,0.23099999999999993,3,2026-04-18,0.0,0.0,0.0,30.795750283210268,0.0,29.133574007220215,36.00003923502121,50.56390977443609
53061,Snohomish County,WA,2026-03-28,0.0,0.0,WA,48.054913,-121.765038,0.0,0.0,6.549999999999997,0.23099999999999993,3,2026-04-18,0.0,0.0,0.0,30.795750283210268,0.0,29.133574007220215,36.00003923502121,50.56390977443609
53063,Spokane County,WA,2026-03-28,0.0,0.0,WA,47.620375,-117.403371,0.0,0.0,6.549999999999997,0.23099999999999993,3,2026-04-18,0.0,0.0,0.0,30.795750283210268,0.0,29.133574007220215,36.00003923502121,50.56390977443609
53065,Stevens County,WA,2026-03-28,0.0,0.0,WA,48.388728,-117.854455,0.0,0.0,6.549999999999997,0.23099999999999993,3,2026-04-18,0.0,0.0,0.0,30.795750283210268,0.0,29.133574007220215,36.00003923502121,50.56390977443609
53073,Whatcom County,WA,2026-03-28,0.0,0.0,WA,48.842653,-121.836432,0.0,0.0,6.549999999999997,0.23099999999999993,3,2026-04-18,0.0,0.0,0.0,30.795750283210268,0.0,29.133574007220215,36.00003923502121,50.56390977443609
55025,Dane County,WI,2026-03-28,0.0,0.0,WI,43.067468,-89.417852,0.0,0.0,11.099999999999994,0.3219999999999999,3,2026-04-18,0.0,0.0,0.0,54.48950554118593,0.0,52.129963898916934,54.89507617049291,96.61654135338345
55083,Oconto County,WI,2026-03-28,0.0,0.0,WI,44.996575,-88.206516,0.0,0.0,11.099999999999994,0.3219999999999999,3,2026-04-18,0.0,0.0,0.0,54.48950554118593,0.0,52.129963898916934,54.89507617049291,96.61654135338345
55133,Waukesha County,WI,2026-03-28,0.0,0.0,WI,43.018368,-88.30424,0.0,0.0,11.099999999999994,0.3219999999999999,3,2026-04-18,0.0,0.0,0.0,54.48950554118593,0.0,52.129963898916934,54.89507617049291,96.61654135338345
56007,Carbon County,WY,2026-03-28,0.0,0.0,WY,41.70359,-106.933153,0.0,0.0,5.950000000000003,0.21900000000000006,3,2026-04-18,0.0,0.0,0.0,27.659938397451345,0.0,26.101083032490997,33.40471408967081,45.48872180451128
56013,Fremont County,WY,2026-03-28,0.0,0.0,WY,43.054831,-108.608935,0.0,0.0,5.950000000000003,0.21900000000000006,3,2026-04-18,0.0,0.0,0.0,27.659938397451345,0.0,26.101083032490997,33.40471408967081,45.48872180451128
56025,Natrona County,WY,2026-03-28,0.0,0.0,WY,42.977645,-106.768219,0.0,0.0,5.950000000000003,0.21900000000000006,3,2026-04-18,0.0,0.0,0.0,27.659938397451345,0.0,26.101083032490997,33.40471408967081,45.48872180451128
56027,Niobrara County,WY,2026-03-28,0.0,0.0,WY,43.062159,-104.468373,0.0,0.0,5.950000000000003,0.21900000000000006,3,2026-04-18,0.0,0.0,0.0,27.659938397451345,0.0,26.101083032490997,33.40471408967081,45.48872180451128
56029,Park County,WY,2026-03-28,0.0,0.0,WY,44.492387,-109.593597,0.0,0.0,5.950000000000003,0.21900000000000006,3,2026-04-18,0.0,0.0,0.0,27.659938397451345,0.0,26.101083032490997,33.40471408967081,45.48872180451128
02020,Anchorage Municipality,AK,2026-03-28,0.0,0.0,AK,61.17425,-149.284329,0.0,0.0,13.900000000000006,0.3780000000000001,4,2026-04-25,0.0,0.0,0.0,76.75120685947407,0.0,76.31768953068595,81.8143378507543,97.55639097744361
02122,Kenai Peninsula Borough,AK,2026-03-28,0.0,0.0,AK,60.366668,-152.322283,0.0,0.0,13.900000000000006,0.3780000000000001,4,2026-04-25,0.0,0.0,0.0,76.75120685947407,0.0,76.31768953068595,81.8143378507543,97.55639097744361
04005,Coconino County,AZ,2026-03-28,0.0,0.0,AZ,35.829692,-111.773728,0.0,0.0,9.849999999999994,0.29699999999999993,4,2026-04-25,0.0,0.0,0.0,53.66592686564758,0.0,52.92418772563173,62.755308516490075,91.9172932330827
04013,Maricopa County,AZ,2026-03-28,0.0,0.0,AZ,33.345176,-112.49893,0.0,0.0,9.849999999999994,0.29699999999999993,4,2026-04-25,0.0,0.0,0.0,53.66592686564758,0.0,52.92418772563173,62.755308516490075,91.9172932330827
04015,Mohave County,AZ,2026-03-28,0.0,0.0,AZ,35.717705,-113.749689,0.0,0.0,9.849999999999994,0.29699999999999993,4,2026-04-25,0.0,0.0,0.0,53.66592686564758,0.0,52.92418772563173,62.755308516490075,91.9172932330827
04017,Navajo County,AZ,2026-03-28,0.0,0.0,AZ,35.390785,-110.321025,0.0,0.0,9.849999999999994,0.29699999999999993,4,2026-04-25,0.0,0.0,0.0,53.66592686564758,0.0,52.92418772563173,62.755308516490075,91.9172932330827
04019,Pima County,AZ,2026-03-28,0.0,0.0,AZ,32.128038,-111.783657,0.0,0.0,9.849999999999994,0.29699999999999993,4,2026-04-25,0.0,0.0,0.0,53.66592686564758,0.0,52.92418772563173,62.755308516490075,91.9172932330827
04021,Pinal County,AZ,2026-03-28,0.0,0.0,AZ,32.918521,-111.366339,0.0,0.0,9.849999999999994,0.29699999999999993,4,2026-04-25,0.0,0.0,0.0,53.66592686564758,0.0,52.92418772563173,62.755308516490075,91.9172932330827
05007,Benton County,AR,2026-03-28,0.0,0.0,AR,36.337819,-94.256298,0.0,0.0,6.950000000000003,0.23900000000000005,4,2026-04-25,0.0,0.0,0.0,37.05396430979657,0.0,36.17328519855598,48.36197988413771,55.639097744360896
05045,Faulkner County,AR,2026-03-28,0.0,0.0,AR,35.146548,-92.336928,0.0,0.0,6.950000000000003,0.23900000000000005,4,2026-04-25,0.0,0.0,0.0,37.05396430979657,0.0,36.17328519855598,48.36197988413771,55.639097744360896
05125,Saline County,AR,2026-03-28,0.0,0.0,AR,34.648525,-92.674463,0.0,0.0,6.950000000000003,0.23900000000000005,4,2026-04-25,0.0,0.0,0.0,37.05396430979657,0.0,36.17328519855598,48.36197988413771,55.639097744360896
06013,Contra Costa County,CA,2026-03-28,0.0,0.0,CA,37.919479,-121.951543,0.0,0.0,2.0,0.13999999999999999,4,2026-04-25,0.0,0.0,0.0,8.52023455940676,0.0,7.5812274368231245,22.162154707015016,6.203007518796992
06019,Fresno County,CA,2026-03-28,0.0,0.0,CA,36.761006,-119.655019,0.0,0.0,2.0,0.13999999999999999,4,2026-04-25,0.0,0.0,0.0,8.52023455940676,0.0,7.5812274368231245,22.162154707015016,6.203007518796992
06037,Los Angeles County,CA,2026-03-28,0.0,0.0,CA,34.196398,-118.261862,0.0,0.0,2.0,0.13999999999999999,4,2026-04-25,0.0,0.0,0.0,8.52023455940676,0.0,7.5812274368231245,22.162154707015016,6.203007518796992
06055,Napa County,CA,2026-03-28,0.0,0.0,CA,38.5071,-122.325904,0.0,0.0,2.0,0.13999999999999999,4,2026-04-25,0.0,0.0,0.0,8.52023455940676,0.0,7.5812274368231245,22.162154707015016,6.203007518796992
06059,Orange County,CA,2026-03-28,0.0,0.0,CA,33.675687,-117.777207,0.0,0.0,2.0,0.13999999999999999,4,2026-04-25,0.0,0.0,0.0,8.52023455940676,0.0,7.5812274368231245,22.162154707015016,6.203007518796992
06061,Placer County,CA,2026-03-28,0.0,0.0,CA,39.062032,-120.722718,0.0,0.0,2.0,0.13999999999999999,4,2026-04-25,0.0,0.0,0.0,8.52023455940676,0.0,7.5812274368231245,22.162154707015016,6.203007518796992
06065,Riverside County,CA,2026-03-28,0.0,0.0,CA,33.729828,-116.002239,0.0,0.0,2.0,0.13999999999999999,4,2026-04-25,0.0,0.0,0.0,8.52023455940676,0.0,7.5812274368231245,22.162154707015016,6.203007518796992
06067,Sacramento County,CA,2026-03-28,0.0,0.0,CA,38.450136,-121.344329,0.0,0.0,2.0,0.13999999999999999,4,2026-04-25,0.0,0.0,0.0,8.52023455940676,0.0,7.5812274368231245,22.162154707015016,6.203007518796992
06073,San Diego County,CA,2026-03-28,0.0,0.0,CA,33.023604,-116.776117,0.0,0.0,2.0,0.13999999999999999,4,2026-04-25,0.0,0.0,0.0,8.52023455940676,0.0,7.5812274368231245,22.162154707015016,6.203007518796992
06079,San Luis Obispo County,CA,2026-03-28,0.0,0.0,CA,35.388189,-120.448897,0.0,0.0,2.0,0.13999999999999999,4,2026-04-25,0.0,0.0,0.0,8.52023455940676,0.0,7.5812274368231245,22.162154707015016,6.203007518796992
06081,San Mateo County,CA,2026-03-28,0.0,0.0,CA,37.414672,-122.371546,0.0,0.0,2.0,0.13999999999999999,4,2026-04-25,0.0,0.0,0.0,8.52023455940676,0.0,7.5812274368231245,22.162154707015016,6.203007518796992
06085,Santa Clara County,CA,2026-03-28,0.0,0.0,CA,37.221614,-121.68954,0.0,0.0,2.0,0.13999999999999999,4,2026-04-25,0.0,0.0,0.0,8.52023455940676,0.0,7.5812274368231245,22.162154707015016,6.203007518796992
06089,Shasta County,CA,2026-03-28,0.0,0.0,CA,40.760514,-122.043556,0.0,0.0,2.0,0.13999999999999999,4,2026-04-25,0.0,0.0,0.0,8.52023455940676,0.0,7.5812274368231245,22.162154707015016,6.203007518796992
06107,Tulare County,CA,2026-03-28,0.0,0.0,CA,36.228834,-118.781055,0.0,0.0,2.0,0.13999999999999999,4,2026-04-25,0.0,0.0,0.0,8.52023455940676,0.0,7.5812274368231245,22.162154707015016,6.203007518796992
06109,Tuolumne County,CA,2026-03-28,0.0,0.0,CA,38.021434,-119.964733,0.0,0.0,2.0,0.13999999999999999,4,2026-04-25,0.0,0.0,0.0,8.52023455940676,0.0,7.5812274368231245,22.162154707015016,6.203007518796992
06113,Yolo County,CA,2026-03-28,0.0,0.0,CA,38.679609,-121.90275,0.0,0.0,2.0,0.13999999999999999,4,2026-04-25,0.0,0.0,0.0,8.52023455940676,0.0,7.5812274368231245,22.162154707015016,6.203007518796992
08001,Adams County,CO,2026-03-28,0.0,0.0,CO,39.874325,-104.331872,0.0,0.0,8.099999999999994,0.2619999999999999,4,2026-04-25,0.0,0.0,0.0,43.650126989905914,0.0,42.81588447653427,54.148708907400625,73.49624060150376
08005,Arapahoe County,CO,2026-03-28,0.0,0.0,CO,39.644554,-104.331706,0.0,0.0,8.099999999999994,0.2619999999999999,4,2026-04-25,0.0,0.0,0.0,43.650126989905914,0.0,42.81588447653427,54.148708907400625,73.49624060150376
08007,Archuleta County,CO,2026-03-28,0.0,0.0,CO,37.202395,-107.050863,0.0,0.0,8.099999999999994,0.2619999999999999,4,2026-04-25,0.0,0.0,0.0,43.650126989905914,0.0,42.81588447653427,54.148708907400625,73.49624060150376
08013,Boulder County,CO,2026-03-28,0.0,0.0,CO,40.094971,-105.39771,0.0,0.0,8.099999999999994,0.2619999999999999,4,2026-04-25,0.0,0.0,0.0,43.650126989905914,0.0,42.81588447653427,54.148708907400625,73.49624060150376
08014,Broomfield County,CO,2026-03-28,0.0,0.0,CO,39.953877,-105.050898,0.0,0.0,8.099999999999994,0.2619999999999999,4,2026-04-25,0.0,0.0,0.0,43.650126989905914,0.0,42.81588447653427,54.148708907400625,73.49624060150376
08031,Denver County,CO,2026-03-28,0.0,0.0,CO,39.76185,-104.881105,0.0,0.0,8.099999999999994,0.2619999999999999,4,2026-04-25,0.0,0.0,0.0,43.650126989905914,0.0,42.81588447653427,54.148708907400625,73.49624060150376
08041,El Paso County,CO,2026-03-28,0.0,0.0,CO,38.8311,-104.527681,0.0,0.0,8.099999999999994,0.2619999999999999,4,2026-04-25,0.0,0.0,0.0,43.650126989905914,0.0,42.81588447653427,54.148708907400625,73.49624060150376
08077,Mesa County,CO,2026-03-28,0.0,0.0,CO,39.019524,-108.460571,0.0,0.0,8.099999999999994,0.2619999999999999,4,2026-04-25,0.0,0.0,0.0,43.650126989905914,0.0,42.81588447653427,54.148708907400625,73.49624060150376
08083,Montezuma County,CO,2026-03-28,0.0,0.0,CO,37.338025,-108.595786,0.0,0.0,8.099999999999994,0.2619999999999999,4,2026-04-25,0.0,0.0,0.0,43.650126989905914,0.0,42.81588447653427,54.148708907400625,73.49624060150376
08101,Pueblo County,CO,2026-03-28,0.0,0.0,CO,38.162765,-104.484668,0.0,0.0,8.099999999999994,0.2619999999999999,4,2026-04-25,0.0,0.0,0.0,43.650126989905914,0.0,42.81588447653427,54.148708907400625,73.49624060150376
08109,Saguache County,CO,2026-03-28,0.0,0.0,CO,38.031651,-106.234666,0.0,0.0,8.099999999999994,0.2619999999999999,4,2026-04-25,0.0,0.0,0.0,43.650126989905914,0.0,42.81588447653427,54.148708907400625,73.49624060150376
08123,Weld County,CO,2026-03-28,0.0,0.0,CO,40.555961,-104.383666,0.0,0.0,8.099999999999994,0.2619999999999999,4,2026-04-25,0.0,0.0,0.0,43.650126989905914,0.0,42.81588447653427,54.148708907400625,73.49624060150376
09170,South Central Connecticut Planning Region,CT,2026-03-28,0.0,0.0,CT,41.290167,-72.837024,0.0,0.0,1.0999999999999943,0.12199999999999987,4,2026-04-25,0.0,0.0,0.0,3.305588740300066,0.0,2.382671480144391,17.154944430673154,0.37593984962406013
11001,District of Columbia,DC,2026-03-28,0.0,0.0,DC,38.904243,-77.016524,0.0,0.0,4.849999999999994,0.19699999999999987,4,2026-04-25,0.0,0.0,0.0,24.977815225304834,0.0,24.043321299638965,37.512178109928676,19.924812030075188
12001,Alachua County,FL,2026-03-28,0.0,0.0,FL,29.67574,-82.357221,0.0,0.0,8.150000000000006,0.2630000000000001,4,2026-04-25,0.0,0.0,0.0,43.93665384550954,0.0,43.10469314079427,54.39790739281664,78.57142857142857
12011,Broward County,FL,2026-03-28,0.0,0.0,FL,26.193535,-80.476683,0.0,0.0,8.150000000000006,0.2630000000000001,4,2026-04-25,0.0,0.0,0.0,43.93665384550954,0.0,43.10469314079427,54.39790739281664,78.57142857142857
12021,Collier County,FL,2026-03-28,0.0,0.0,FL,26.118786,-81.400955,0.0,0.0,8.150000000000006,0.2630000000000001,4,2026-04-25,0.0,0.0,0.0,43.93665384550954,0.0,43.10469314079427,54.39790739281664,78.57142857142857
12031,Duval County,FL,2026-03-28,0.0,0.0,FL,30.335245,-81.648113,0.0,0.0,8.150000000000006,0.2630000000000001,4,2026-04-25,0.0,0.0,0.0,43.93665384550954,0.0,43.10469314079427,54.39790739281664,78.57142857142857
12033,Escambia County,FL,2026-03-28,0.0,0.0,FL,30.529998,-87.320322,0.0,0.0,8.150000000000006,0.2630000000000001,4,2026-04-25,0.0,0.0,0.0,43.93665384550954,0.0,43.10469314079427,54.39790739281664,78.57142857142857
12057,Hillsborough County,FL,2026-03-28,0.0,0.0,FL,27.893154,-82.379991,0.0,0.0,8.150000000000006,0.2630000000000001,4,2026-04-25,0.0,0.0,0.0,43.93665384550954,0.0,43.10469314079427,54.39790739281664,78.57142857142857
12071,Lee County,FL,2026-03-28,0.0,0.0,FL,26.563273,-81.984182,0.0,0.0,8.150000000000006,0.2630000000000001,4,2026-04-25,0.0,0.0,0.0,43.93665384550954,0.0,43.10469314079427,54.39790739281664,78.57142857142857
12073,Leon County,FL,2026-03-28,0.0,0.0,FL,30.45931,-84.2778,0.0,0.0,8.150000000000006,0.2630000000000001,4,2026-04-25,0.0,0.0,0.0,43.93665384550954,0.0,43.10469314079427,54.39790739281664,78.57142857142857
12081,Manatee County,FL,2026-03-28,0.0,0.0,FL,27.475556,-82.393144,0.0,0.0,8.150000000000006,0.2630000000000001,4,2026-04-25,0.0,0.0,0.0,43.93665384550954,0.0,43.10469314079427,54.39790739281664,78.57142857142857
12086,Miami-Dade County,FL,2026-03-28,0.0,0.0,FL,25.616009,-80.50375,0.0,0.0,8.150000000000006,0.2630000000000001,4,2026-04-25,0.0,0.0,0.0,43.93665384550954,0.0,43.10469314079427,54.39790739281664,78.57142857142857
12091,Okaloosa County,FL,2026-03-28,0.0,0.0,FL,30.614325,-86.59108,0.0,0.0,8.150000000000006,0.2630000000000001,4,2026-04-25,0.0,0.0,0.0,43.93665384550954,0.0,43.10469314079427,54.39790739281664,78.57142857142857
12097,Osceola County,FL,2026-03-28,0.0,0.0,FL,28.059027,-81.139312,0.0,0.0,8.150000000000006,0.2630000000000001,4,2026-04-25,0.0,0.0,0.0,43.93665384550954,0.0,43.10469314079427,54.39790739281664,78.57142857142857
12101,Pasco County,FL,2026-03-28,0.0,0.0,FL,28.30474,-82.502367,0.0,0.0,8.150000000000006,0.2630000000000001,4,2026-04-25,0.0,0.0,0.0,43.93665384550954,0.0,43.10469314079427,54.39790739281664,78.57142857142857
12103,Pinellas County,FL,2026-03-28,0.0,0.0,FL,27.905342,-82.798066,0.0,0.0,8.150000000000006,0.2630000000000001,4,2026-04-25,0.0,0.0,0.0,43.93665384550954,0.0,43.10469314079427,54.39790739281664,78.57142857142857
12109,St. Johns County,FL,2026-03-28,0.0,0.0,FL,29.881397,-81.388282,0.0,0.0,8.150000000000006,0.2630000000000001,4,2026-04-25,0.0,0.0,0.0,43.93665384550954,0.0,43.10469314079427,54.39790739281664,78.57142857142857
13029,Bryan County,GA,2026-03-28,0.0,0.0,GA,32.017969,-81.438543,0.0,0.0,9.0,0.28,4,2026-04-25,0.0,0.0,0.0,48.80433127373823,0.0,48.014440433213004,58.604357953926126,88.90977443609023
13121,Fulton County,GA,2026-03-28,0.0,0.0,GA,33.790034,-84.468182,0.0,0.0,9.0,0.28,4,2026-04-25,0.0,0.0,0.0,48.80433127373823,0.0,48.014440433213004,58.604357953926126,88.90977443609023
15003,Honolulu County,HI,2026-03-28,0.0,0.0,HI,21.461365,-158.201974,0.0,0.0,7.799999999999997,0.25599999999999995,4,2026-04-25,0.0,0.0,0.0,41.930510061943224,0.0,41.083032490974716,52.64935862856354,67.66917293233082
16017,Bonner County,ID,2026-03-28,0.0,0.0,ID,48.324634,-116.62745,0.0,0.0,18.0,0.4600000000000001,4,2026-04-25,0.0,0.0,0.0,100.0,0.0,99.99999999999999,100.00000000000001,99.06015037593986
16019,Bonneville County,ID,2026-03-28,0.0,0.0,ID,43.395171,-111.621878,0.0,0.0,18.0,0.4600000000000001,4,2026-04-25,0.0,0.0,0.0,100.0,0.0,99.99999999999999,100.00000000000001,99.06015037593986
16021,Boundary County,ID,2026-03-28,0.0,0.0,ID,48.773131,-116.524668,0.0,0.0,18.0,0.4600000000000001,4,2026-04-25,0.0,0.0,0.0,100.0,0.0,99.99999999999999,100.00000000000001,99.06015037593986
16027,Canyon County,ID,2026-03-28,0.0,0.0,ID,43.625795,-116.709058,0.0,0.0,18.0,0.4600000000000001,4,2026-04-25,0.0,0.0,0.0,100.0,0.0,99.99999999999999,100.00000000000001,99.06015037593986
16055,Kootenai County,ID,2026-03-28,0.0,0.0,ID,47.67596,-116.695861,0.0,0.0,18.0,0.4600000000000001,4,2026-04-25,0.0,0.0,0.0,100.0,0.0,99.99999999999999,100.00000000000001,99.06015037593986
16065,Madison County,ID,2026-03-28,0.0,0.0,ID,43.788614,-111.656993,0.0,0.0,18.0,0.4600000000000001,4,2026-04-25,0.0,0.0,0.0,100.0,0.0,99.99999999999999,100.00000000000001,99.06015037593986
17031,Cook County,IL,2026-03-28,0.0,0.0,IL,41.894294,-87.645455,0.0,0.0,5.450000000000003,0.20900000000000005,4,2026-04-25,0.0,0.0,0.0,28.43234796458436,0.0,27.509025270758148,40.65048913380452,42.29323308270676
17199,Williamson County,IL,2026-03-28,0.0,0.0,IL,37.730353,-88.930018,0.0,0.0,5.450000000000003,0.20900000000000005,4,2026-04-25,0.0,0.0,0.0,28.43234796458436,0.0,27.509025270758148,40.65048913380452,42.29323308270676
18003,Allen County,IN,2026-03-28,0.0,0.0,IN,41.091909,-85.071791,0.0,0.0,5.900000000000006,0.21800000000000008,4,2026-04-25,0.0,0.0,0.0,31.021014805600554,0.0,30.10830324909751,42.98384770131543,43.233082706766915
18089,Lake County,IN,2026-03-28,0.0,0.0,IN,41.472247,-87.374337,0.0,0.0,5.900000000000006,0.21800000000000008,4,2026-04-25,0.0,0.0,0.0,31.021014805600554,0.0,30.10830324909751,42.98384770131543,43.233082706766915
18133,Putnam County,IN,2026-03-28,0.0,0.0,IN,39.665548,-86.853373,0.0,0.0,5.900000000000006,0.21800000000000008,4,2026-04-25,0.0,0.0,0.0,31.021014805600554,0.0,30.10830324909751,42.98384770131543,43.233082706766915
20069,Gray County,KS,2026-03-28,0.0,0.0,KS,37.744513,-100.451715,0.0,0.0,6.299999999999997,0.22599999999999992,4,2026-04-25,0.0,0.0,0.0,33.320470818052456,0.0,32.41877256317689,45.04351509936027,48.1203007518797
20081,Haskell County,KS,2026-03-28,0.0,0.0,KS,37.554979,-100.879952,0.0,0.0,6.299999999999997,0.22599999999999992,4,2026-04-25,0.0,0.0,0.0,33.320470818052456,0.0,32.41877256317689,45.04351509936027,48.1203007518797
20097,Kiowa County,KS,2026-03-28,0.0,0.0,KS,37.561231,-99.286538,0.0,0.0,6.299999999999997,0.22599999999999992,4,2026-04-25,0.0,0.0,0.0,33.320470818052456,0.0,32.41877256317689,45.04351509936027,48.1203007518797
20145,Pawnee County,KS,2026-03-28,0.0,0.0,KS,38.181477,-99.234772,0.0,0.0,6.299999999999997,0.22599999999999992,4,2026-04-25,0.0,0.0,0.0,33.320470818052456,0.0,32.41877256317689,45.04351509936027,48.1203007518797
20189,Stevens County,KS,2026-03-28,0.0,0.0,KS,37.2017,-101.317268,0.0,0.0,6.299999999999997,0.22599999999999992,4,2026-04-25,0.0,0.0,0.0,33.320470818052456,0.0,32.41877256317689,45.04351509936027,48.1203007518797
21067,Fayette County,KY,2026-03-28,0.0,0.0,KY,38.040678,-84.458272,0.0,0.0,7.549999999999997,0.25099999999999995,4,2026-04-25,0.0,0.0,0.0,40.496895271922945,0.0,39.63898916967508,51.394418506765724,59.58646616541353
21073,Franklin County,KY,2026-03-28,0.0,0.0,KY,38.234919,-84.868786,0.0,0.0,7.549999999999997,0.25099999999999995,4,2026-04-25,0.0,0.0,0.0,40.496895271922945,0.0,39.63898916967508,51.394418506765724,59.58646616541353
21111,Jefferson County,KY,2026-03-28,0.0,0.0,KY,38.189532,-85.657624,0.0,0.0,7.549999999999997,0.25099999999999995,4,2026-04-25,0.0,0.0,0.0,40.496895271922945,0.0,39.63898916967508,51.394418506765724,59.58646616541353
21113,Jessamine County,KY,2026-03-28,0.0,0.0,KY,37.873291,-84.58396,0.0,0.0,7.549999999999997,0.25099999999999995,4,2026-04-25,0.0,0.0,0.0,40.496895271922945,0.0,39.63898916967508,51.394418506765724,59.58646616541353
21219,Todd County,KY,2026-03-28,0.0,0.0,KY,36.840338,-87.183642,0.0,0.0,7.549999999999997,0.25099999999999995,4,2026-04-25,0.0,0.0,0.0,40.496895271922945,0.0,39.63898916967508,51.394418506765724,59.58646616541353
21239,Woodford County,KY,2026-03-28,0.0,0.0,KY,38.043103,-84.748855,0.0,0.0,7.549999999999997,0.25099999999999995,4,2026-04-25,0.0,0.0,0.0,40.496895271922945,0.0,39.63898916967508,51.394418506765724,59.58646616541353
22071,Orleans Parish,LA,2026-03-28,0.0,0.0,LA,30.05342,-89.934502,0.0,0.0,5.25,0.205,4,2026-04-25,0.0,0.0,0.0,27.281217794233925,0.0,26.353790613718424,39.607859939674675,21.052631578947366
23019,Penobscot County,ME,2026-03-28,0.0,0.0,ME,45.409284,-68.666616,0.0,0.0,1.5,0.12999999999999998,4,2026-04-25,0.0,0.0,0.0,5.624287860141009,0.0,4.693140794223845,19.390215441842045,3.007518796992481
24027,Howard County,MD,2026-03-28,0.0,0.0,MD,39.252264,-76.924406,0.0,0.0,2.9000000000000057,0.1580000000000001,4,2026-04-25,0.0,0.0,0.0,13.726284149676843,0.0,12.779783393501855,27.090919812707632,10.338345864661653
24033,Prince George's County,MD,2026-03-28,0.0,0.0,MD,38.829278,-76.848188,0.0,0.0,2.9000000000000057,0.1580000000000001,4,2026-04-25,0.0,0.0,0.0,13.726284149676843,0.0,12.779783393501855,27.090919812707632,10.338345864661653
25025,Suffolk County,MA,2026-03-28,0.0,0.0,MA,42.338551,-71.018253,0.0,0.0,2.3499999999999943,0.14699999999999988,4,2026-04-25,0.0,0.0,0.0,10.545815999893321,0.0,9.602888086642583,24.088082452577158,9.398496240601503
26005,Allegan County,MI,2026-03-28,0.0,0.0,MI,42.421251,-86.261403,0.0,0.0,7.599999999999994,0.2519999999999999,4,2026-04-25,0.0,0.0,0.0,40.78366214841093,0.0,39.927797833934996,51.64580731070343,64.09774436090225
26055,Grand Traverse County,MI,2026-03-28,0.0,0.0,MI,44.718688,-85.553848,0.0,0.0,7.599999999999994,0.2519999999999999,4,2026-04-25,0.0,0.0,0.0,40.78366214841093,0.0,39.927797833934996,51.64580731070343,64.09774436090225
26065,Ingham County,MI,2026-03-28,0.0,0.0,MI,42.603534,-84.373811,0.0,0.0,7.599999999999994,0.2519999999999999,4,2026-04-25,0.0,0.0,0.0,40.78366214841093,0.0,39.927797833934996,51.64580731070343,64.09774436090225
26081,Kent County,MI,2026-03-28,0.0,0.0,MI,43.032497,-85.547446,0.0,0.0,7.599999999999994,0.2519999999999999,4,2026-04-25,0.0,0.0,0.0,40.78366214841093,0.0,39.927797833934996,51.64580731070343,64.09774436090225
26099,Macomb County,MI,2026-03-28,0.0,0.0,MI,42.671553,-82.911456,0.0,0.0,7.599999999999994,0.2519999999999999,4,2026-04-25,0.0,0.0,0.0,40.78366214841093,0.0,39.927797833934996,51.64580731070343,64.09774436090225
26103,Marquette County,MI,2026-03-28,0.0,0.0,MI,46.656596,-87.584028,0.0,0.0,7.599999999999994,0.2519999999999999,4,2026-04-25,0.0,0.0,0.0,40.78366214841093,0.0,39.927797833934996,51.64580731070343,64.09774436090225
26115,Monroe County,MI,2026-03-28,0.0,0.0,MI,41.916097,-83.487106,0.0,0.0,7.599999999999994,0.2519999999999999,4,2026-04-25,0.0,0.0,0.0,40.78366214841093,0.0,39.927797833934996,51.64580731070343,64.09774436090225
26117,Montcalm County,MI,2026-03-28,0.0,0.0,MI,43.312782,-85.149468,0.0,0.0,7.599999999999994,0.2519999999999999,4,2026-04-25,0.0,0.0,0.0,40.78366214841093,0.0,39.927797833934996,51.64580731070343,64.09774436090225
26121,Muskegon County,MI,2026-03-28,0.0,0.0,MI,43.428739,-86.420908,0.0,0.0,7.599999999999994,0.2519999999999999,4,2026-04-25,0.0,0.0,0.0,40.78366214841093,0.0,39.927797833934996,51.64580731070343,64.09774436090225
26125,Oakland County,MI,2026-03-28,0.0,0.0,MI,42.660452,-83.38421,0.0,0.0,7.599999999999994,0.2519999999999999,4,2026-04-25,0.0,0.0,0.0,40.78366214841093,0.0,39.927797833934996,51.64580731070343,64.09774436090225
26133,Osceola County,MI,2026-03-28,0.0,0.0,MI,43.997552,-85.322283,0.0,0.0,7.599999999999994,0.2519999999999999,4,2026-04-25,0.0,0.0,0.0,40.78366214841093,0.0,39.927797833934996,51.64580731070343,64.09774436090225
26161,Washtenaw County,MI,2026-03-28,0.0,0.0,MI,42.252217,-83.843423,0.0,0.0,7.599999999999994,0.2519999999999999,4,2026-04-25,0.0,0.0,0.0,40.78366214841093,0.0,39.927797833934996,51.64580731070343,64.09774436090225
27037,Dakota County,MN,2026-03-28,0.0,0.0,MN,44.670893,-93.062481,0.0,0.0,9.700000000000003,0.29400000000000004,4,2026-04-25,0.0,0.0,0.0,52.80843308705243,0.0,52.057761732852,62.0267561151427,90.0375939849624
27053,Hennepin County,MN,2026-03-28,0.0,0.0,MN,45.006121,-93.475228,0.0,0.0,9.700000000000003,0.29400000000000004,4,2026-04-25,0.0,0.0,0.0,52.80843308705243,0.0,52.057761732852,62.0267561151427,90.0375939849624
27109,Olmsted County,MN,2026-03-28,0.0,0.0,MN,43.999688,-92.410155,0.0,0.0,9.700000000000003,0.29400000000000004,4,2026-04-25,0.0,0.0,0.0,52.80843308705243,0.0,52.057761732852,62.0267561151427,90.0375939849624
27163,Washington County,MN,2026-03-28,0.0,0.0,MN,45.037929,-92.890117,0.0,0.0,9.700000000000003,0.29400000000000004,4,2026-04-25,0.0,0.0,0.0,52.80843308705243,0.0,52.057761732852,62.0267561151427,90.0375939849624
29039,Cedar County,MO,2026-03-28,0.0,0.0,MO,37.733655,-93.850014,0.0,0.0,7.599999999999994,0.2519999999999999,4,2026-04-25,0.0,0.0,0.0,40.78366214841093,0.0,39.927797833934996,51.64580731070343,64.09774436090225
29095,Jackson County,MO,2026-03-28,0.0,0.0,MO,39.005364,-94.343211,0.0,0.0,7.599999999999994,0.2519999999999999,4,2026-04-25,0.0,0.0,0.0,40.78366214841093,0.0,39.927797833934996,51.64580731070343,64.09774436090225
29143,New Madrid County,MO,2026-03-28,0.0,0.0,MO,36.594261,-89.655948,0.0,0.0,7.599999999999994,0.2519999999999999,4,2026-04-25,0.0,0.0,0.0,40.78366214841093,0.0,39.927797833934996,51.64580731070343,64.09774436090225
29213,Taney County,MO,2026-03-28,0.0,0.0,MO,36.649827,-93.042819,0.0,0.0,7.599999999999994,0.2519999999999999,4,2026-04-25,0.0,0.0,0.0,40.78366214841093,0.0,39.927797833934996,51.64580731070343,64.09774436090225
30013,Cascade County,MT,2026-03-28,0.0,0.0,MT,47.316575,-111.350262,0.0,0.0,7.5,0.24999999999999997,4,2026-04-25,0.0,0.0,0.0,40.21010636596553,0.0,39.35018050541517,51.1428286721757,57.330827067669176
30029,Flathead County,MT,2026-03-28,0.0,0.0,MT,48.295422,-114.052059,0.0,0.0,7.5,0.24999999999999997,4,2026-04-25,0.0,0.0,0.0,40.21010636596553,0.0,39.35018050541517,51.1428286721757,57.330827067669176
30031,Gallatin County,MT,2026-03-28,0.0,0.0,MT,45.518054,-111.163921,0.0,0.0,7.5,0.24999999999999997,4,2026-04-25,0.0,0.0,0.0,40.21010636596553,0.0,39.35018050541517,51.1428286721757,57.330827067669176
30041,Hill County,MT,2026-03-28,0.0,0.0,MT,48.631959,-110.106321,0.0,0.0,7.5,0.24999999999999997,4,2026-04-25,0.0,0.0,0.0,40.21010636596553,0.0,39.35018050541517,51.1428286721757,57.330827067669176
30049,Lewis and Clark County,MT,2026-03-28,0.0,0.0,MT,47.122105,-112.38289,0.0,0.0,7.5,0.24999999999999997,4,2026-04-25,0.0,0.0,0.0,40.21010636596553,0.0,39.35018050541517,51.1428286721757,57.330827067669176
30111,Yellowstone County,MT,2026-03-28,0.0,0.0,MT,45.936987,-108.276656,0.0,0.0,7.5,0.24999999999999997,4,2026-04-25,0.0,0.0,0.0,40.21010636596553,0.0,39.35018050541517,51.1428286721757,57.330827067669176
31109,Lancaster County,NE,2026-03-28,0.0,0.0,NE,40.783547,-96.688658,0.0,0.0,4.5,0.18999999999999997,4,2026-04-25,0.0,0.0,0.0,22.961075405338907,0.0,22.021660649819513,35.66693486494697,19.172932330827066
31141,Platte County,NE,2026-03-28,0.0,0.0,NE,41.576866,-97.513467,0.0,0.0,4.5,0.18999999999999997,4,2026-04-25,0.0,0.0,0.0,22.961075405338907,0.0,22.021660649819513,35.66693486494697,19.172932330827066
31161,Sheridan County,NE,2026-03-28,0.0,0.0,NE,42.512289,-102.36828,0.0,0.0,4.5,0.18999999999999997,4,2026-04-25,0.0,0.0,0.0,22.961075405338907,0.0,22.021660649819513,35.66693486494697,19.172932330827066
32003,Clark County,NV,2026-03-28,0.0,0.0,NV,36.21413,-115.014398,0.0,0.0,7.599999999999994,0.2519999999999999,4,2026-04-25,0.0,0.0,0.0,40.78366214841093,0.0,39.927797833934996,51.64580731070343,64.09774436090225
32031,Washoe County,NV,2026-03-28,0.0,0.0,NV,40.73132,-119.663269,0.0,0.0,7.599999999999994,0.2519999999999999,4,2026-04-25,0.0,0.0,0.0,40.78366214841093,0.0,39.927797833934996,51.64580731070343,64.09774436090225
34003,Bergen County,NJ,2026-03-28,0.0,0.0,NJ,40.959698,-74.074727,0.0,0.0,5.950000000000003,0.21900000000000006,4,2026-04-25,0.0,0.0,0.0,31.308527746187824,0.0,30.397111913357424,43.24204473787433,45.48872180451128
34017,Hudson County,NJ,2026-03-28,0.0,0.0,NJ,40.731375,-74.078601,0.0,0.0,5.950000000000003,0.21900000000000006,4,2026-04-25,0.0,0.0,0.0,31.308527746187824,0.0,30.397111913357424,43.24204473787433,45.48872180451128
34029,Ocean County,NJ,2026-03-28,0.0,0.0,NJ,39.865669,-74.258864,0.0,0.0,5.950000000000003,0.21900000000000006,4,2026-04-25,0.0,0.0,0.0,31.308527746187824,0.0,30.397111913357424,43.24204473787433,45.48872180451128
34031,Passaic County,NJ,2026-03-28,0.0,0.0,NJ,41.036655,-74.299408,0.0,0.0,5.950000000000003,0.21900000000000006,4,2026-04-25,0.0,0.0,0.0,31.308527746187824,0.0,30.397111913357424,43.24204473787433,45.48872180451128
35005,Chaves County,NM,2026-03-28,0.0,0.0,NM,33.361604,-104.469837,0.0,0.0,3.5999999999999943,0.17199999999999985,4,2026-04-25,0.0,0.0,0.0,17.769660959299962,0.0,16.823104693140774,30.87172325213017,12.593984962406015
35009,Curry County,NM,2026-03-28,0.0,0.0,NM,34.572984,-103.346055,0.0,0.0,3.5999999999999943,0.17199999999999985,4,2026-04-25,0.0,0.0,0.0,17.769660959299962,0.0,16.823104693140774,30.87172325213017,12.593984962406015
35013,Doña Ana County,NM,2026-03-28,0.0,0.0,NM,32.349919,-106.834968,0.0,0.0,3.5999999999999943,0.17199999999999985,4,2026-04-25,0.0,0.0,0.0,17.769660959299962,0.0,16.823104693140774,30.87172325213017,12.593984962406015
35015,Eddy County,NM,2026-03-28,0.0,0.0,NM,32.457835,-104.306434,0.0,0.0,3.5999999999999943,0.17199999999999985,4,2026-04-25,0.0,0.0,0.0,17.769660959299962,0.0,16.823104693140774,30.87172325213017,12.593984962406015
35023,Hidalgo County,NM,2026-03-28,0.0,0.0,NM,31.898052,-108.751929,0.0,0.0,3.5999999999999943,0.17199999999999985,4,2026-04-25,0.0,0.0,0.0,17.769660959299962,0.0,16.823104693140774,30.87172325213017,12.593984962406015
35025,Lea County,NM,2026-03-28,0.0,0.0,NM,32.795687,-103.413271,0.0,0.0,3.5999999999999943,0.17199999999999985,4,2026-04-25,0.0,0.0,0.0,17.769660959299962,0.0,16.823104693140774,30.87172325213017,12.593984962406015
35029,Luna County,NM,2026-03-28,0.0,0.0,NM,32.184523,-107.747191,0.0,0.0,3.5999999999999943,0.17199999999999985,4,2026-04-25,0.0,0.0,0.0,17.769660959299962,0.0,16.823104693140774,30.87172325213017,12.593984962406015
35043,Sandoval County,NM,2026-03-28,0.0,0.0,NM,35.685091,-106.883119,0.0,0.0,3.5999999999999943,0.17199999999999985,4,2026-04-25,0.0,0.0,0.0,17.769660959299962,0.0,16.823104693140774,30.87172325213017,12.593984962406015
35045,San Juan County,NM,2026-03-28,0.0,0.0,NM,36.511624,-108.324578,0.0,0.0,3.5999999999999943,0.17199999999999985,4,2026-04-25,0.0,0.0,0.0,17.769660959299962,0.0,16.823104693140774,30.87172325213017,12.593984962406015
35049,Santa Fe County,NM,2026-03-28,0.0,0.0,NM,35.514531,-105.963972,0.0,0.0,3.5999999999999943,0.17199999999999985,4,2026-04-25,0.0,0.0,0.0,17.769660959299962,0.0,16.823104693140774,30.87172325213017,12.593984962406015
36061,New York County,NY,2026-03-28,0.0,0.0,NY,40.776642,-73.970187,0.0,0.0,1.1500000000000057,0.12300000000000011,4,2026-04-25,0.0,0.0,0.0,3.595521472393598,0.0,2.6714801444043856,17.435223354679053,1.6917293233082706
36069,Ontario County,NY,2026-03-28,0.0,0.0,NY,42.856357,-77.303497,0.0,0.0,1.1500000000000057,0.12300000000000011,4,2026-04-25,0.0,0.0,0.0,3.595521472393598,0.0,2.6714801444043856,17.435223354679053,1.6917293233082706
36071,Orange County,NY,2026-03-28,0.0,0.0,NY,41.40241,-74.306252,0.0,0.0,1.1500000000000057,0.12300000000000011,4,2026-04-25,0.0,0.0,0.0,3.595521472393598,0.0,2.6714801444043856,17.435223354679053,1.6917293233082706
36079,Putnam County,NY,2026-03-28,0.0,0.0,NY,41.427907,-73.743861,0.0,0.0,1.1500000000000057,0.12300000000000011,4,2026-04-25,0.0,0.0,0.0,3.595521472393598,0.0,2.6714801444043856,17.435223354679053,1.6917293233082706
36087,Rockland County,NY,2026-03-28,0.0,0.0,NY,41.154628,-74.024662,0.0,0.0,1.1500000000000057,0.12300000000000011,4,2026-04-25,0.0,0.0,0.0,3.595521472393598,0.0,2.6714801444043856,17.435223354679053,1.6917293233082706
36103,Suffolk County,NY,2026-03-28,0.0,0.0,NY,40.943554,-72.692218,0.0,0.0,1.1500000000000057,0.12300000000000011,4,2026-04-25,0.0,0.0,0.0,3.595521472393598,0.0,2.6714801444043856,17.435223354679053,1.6917293233082706
37021,Buncombe County,NC,2026-03-28,0.0,0.0,NC,35.609371,-82.530423,0.0,0.0,4.449999999999989,0.18899999999999975,4,2026-04-25,0.0,0.0,0.0,22.672872659317154,0.0,21.73285198555951,35.402442986074654,16.541353383458645
37023,Burke County,NC,2026-03-28,0.0,0.0,NC,35.746182,-81.70618,0.0,0.0,4.449999999999989,0.18899999999999975,4,2026-04-25,0.0,0.0,0.0,22.672872659317154,0.0,21.73285198555951,35.402442986074654,16.541353383458645
37025,Cabarrus County,NC,2026-03-28,0.0,0.0,NC,35.388346,-80.552728,0.0,0.0,4.449999999999989,0.18899999999999975,4,2026-04-25,0.0,0.0,0.0,22.672872659317154,0.0,21.73285198555951,35.402442986074654,16.541353383458645
37081,Guilford County,NC,2026-03-28,0.0,0.0,NC,36.079065,-79.788665,0.0,0.0,4.449999999999989,0.18899999999999975,4,2026-04-25,0.0,0.0,0.0,22.672872659317154,0.0,21.73285198555951,35.402442986074654,16.541353383458645
37101,Johnston County,NC,2026-03-28,0.0,0.0,NC,35.513419,-78.367348,0.0,0.0,4.449999999999989,0.18899999999999975,4,2026-04-25,0.0,0.0,0.0,22.672872659317154,0.0,21.73285198555951,35.402442986074654,16.541353383458645
37109,Lincoln County,NC,2026-03-28,0.0,0.0,NC,35.488491,-81.226893,0.0,0.0,4.449999999999989,0.18899999999999975,4,2026-04-25,0.0,0.0,0.0,22.672872659317154,0.0,21.73285198555951,35.402442986074654,16.541353383458645
37119,Mecklenburg County,NC,2026-03-28,0.0,0.0,NC,35.246862,-80.833832,0.0,0.0,4.449999999999989,0.18899999999999975,4,2026-04-25,0.0,0.0,0.0,22.672872659317154,0.0,21.73285198555951,35.402442986074654,16.541353383458645
37127,Nash County,NC,2026-03-28,0.0,0.0,NC,35.965945,-77.987555,0.0,0.0,4.449999999999989,0.18899999999999975,4,2026-04-25,0.0,0.0,0.0,22.672872659317154,0.0,21.73285198555951,35.402442986074654,16.541353383458645
37149,Polk County,NC,2026-03-28,0.0,0.0,NC,35.277901,-82.167621,0.0,0.0,4.449999999999989,0.18899999999999975,4,2026-04-25,0.0,0.0,0.0,22.672872659317154,0.0,21.73285198555951,35.402442986074654,16.541353383458645
37161,Rutherford County,NC,2026-03-28,0.0,0.0,NC,35.402747,-81.919582,0.0,0.0,4.449999999999989,0.18899999999999975,4,2026-04-25,0.0,0.0,0.0,22.672872659317154,0.0,21.73285198555951,35.402442986074654,16.541353383458645
37179,Union County,NC,2026-03-28,0.0,0.0,NC,34.99182,-80.530426,0.0,0.0,4.449999999999989,0.18899999999999975,4,2026-04-25,0.0,0.0,0.0,22.672872659317154,0.0,21.73285198555951,35.402442986074654,16.541353383458645
38013,Burke County,ND,2026-03-28,0.0,0.0,ND,48.786453,-102.520087,0.0,0.0,8.5,0.27,4,2026-04-25,0.0,0.0,0.0,45.94173858370102,0.0,45.12635379061373,56.136791803464554,85.90225563909775
38017,Cass County,ND,2026-03-28,0.0,0.0,ND,46.927003,-97.252375,0.0,0.0,8.5,0.27,4,2026-04-25,0.0,0.0,0.0,45.94173858370102,0.0,45.12635379061373,56.136791803464554,85.90225563909775
38035,Grand Forks County,ND,2026-03-28,0.0,0.0,ND,47.926003,-97.450851,0.0,0.0,8.5,0.27,4,2026-04-25,0.0,0.0,0.0,45.94173858370102,0.0,45.12635379061373,56.136791803464554,85.90225563909775
38067,Pembina County,ND,2026-03-28,0.0,0.0,ND,48.766896,-97.545405,0.0,0.0,8.5,0.27,4,2026-04-25,0.0,0.0,0.0,45.94173858370102,0.0,45.12635379061373,56.136791803464554,85.90225563909775
38073,Ransom County,ND,2026-03-28,0.0,0.0,ND,46.449276,-97.647554,0.0,0.0,8.5,0.27,4,2026-04-25,0.0,0.0,0.0,45.94173858370102,0.0,45.12635379061373,56.136791803464554,85.90225563909775
38097,Traill County,ND,2026-03-28,0.0,0.0,ND,47.446271,-97.164636,0.0,0.0,8.5,0.27,4,2026-04-25,0.0,0.0,0.0,45.94173858370102,0.0,45.12635379061373,56.136791803464554,85.90225563909775
38099,Walsh County,ND,2026-03-28,0.0,0.0,ND,48.376979,-97.72223,0.0,0.0,8.5,0.27,4,2026-04-25,0.0,0.0,0.0,45.94173858370102,0.0,45.12635379061373,56.136791803464554,85.90225563909775
38105,Williams County,ND,2026-03-28,0.0,0.0,ND,48.355765,-103.501333,0.0,0.0,8.5,0.27,4,2026-04-25,0.0,0.0,0.0,45.94173858370102,0.0,45.12635379061373,56.136791803464554,85.90225563909775
39003,Allen County,OH,2026-03-28,0.0,0.0,OH,40.771627,-84.106103,0.0,0.0,7.950000000000003,0.25900000000000006,4,2026-04-25,0.0,0.0,0.0,42.79041640295967,0.0,41.949458483754526,53.39992694810386,69.54887218045113
39007,Ashtabula County,OH,2026-03-28,0.0,0.0,OH,41.906637,-80.745592,0.0,0.0,7.950000000000003,0.25900000000000006,4,2026-04-25,0.0,0.0,0.0,42.79041640295967,0.0,41.949458483754526,53.39992694810386,69.54887218045113
39035,Cuyahoga County,OH,2026-03-28,0.0,0.0,OH,41.555037,-81.604957,0.0,0.0,7.950000000000003,0.25900000000000006,4,2026-04-25,0.0,0.0,0.0,42.79041640295967,0.0,41.949458483754526,53.39992694810386,69.54887218045113
39039,Defiance County,OH,2026-03-28,0.0,0.0,OH,41.321679,-84.486433,0.0,0.0,7.950000000000003,0.25900000000000006,4,2026-04-25,0.0,0.0,0.0,42.79041640295967,0.0,41.949458483754526,53.39992694810386,69.54887218045113
39049,Franklin County,OH,2026-03-28,0.0,0.0,OH,39.969875,-83.009086,0.0,0.0,7.950000000000003,0.25900000000000006,4,2026-04-25,0.0,0.0,0.0,42.79041640295967,0.0,41.949458483754526,53.39992694810386,69.54887218045113
39075,Holmes County,OH,2026-03-28,0.0,0.0,OH,40.565597,-81.930001,0.0,0.0,7.950000000000003,0.25900000000000006,4,2026-04-25,0.0,0.0,0.0,42.79041640295967,0.0,41.949458483754526,53.39992694810386,69.54887218045113
39083,Knox County,OH,2026-03-28,0.0,0.0,OH,40.40362,-82.422393,0.0,0.0,7.950000000000003,0.25900000000000006,4,2026-04-25,0.0,0.0,0.0,42.79041640295967,0.0,41.949458483754526,53.39992694810386,69.54887218045113
39119,Muskingum County,OH,2026-03-28,0.0,0.0,OH,39.966046,-81.943506,0.0,0.0,7.950000000000003,0.25900000000000006,4,2026-04-25,0.0,0.0,0.0,42.79041640295967,0.0,41.949458483754526,53.39992694810386,69.54887218045113
39123,Ottawa County,OH,2026-03-28,0.0,0.0,OH,41.545495,-83.012613,0.0,0.0,7.950000000000003,0.25900000000000006,4,2026-04-25,0.0,0.0,0.0,42.79041640295967,0.0,41.949458483754526,53.39992694810386,69.54887218045113
40109,Oklahoma County,OK,2026-03-28,0.0,0.0,OK,35.554611,-97.409401,0.0,0.0,8.349999999999994,0.2669999999999999,4,2026-04-25,0.0,0.0,0.0,45.08254548090172,0.0,44.25992779783391,55.392732162871894,81.57894736842105
41005,Clackamas County,OR,2026-03-28,0.0,0.0,OR,45.160493,-122.195127,0.0,0.0,8.950000000000003,0.279,4,2026-04-25,0.0,0.0,0.0,48.518167241986944,0.0,47.72563176895308,58.35847042957795,87.96992481203007
41043,Linn County,OR,2026-03-28,0.0,0.0,OR,44.488898,-122.537208,0.0,0.0,8.950000000000003,0.279,4,2026-04-25,0.0,0.0,0.0,48.518167241986944,0.0,47.72563176895308,58.35847042957795,87.96992481203007
41051,Multnomah County,OR,2026-03-28,0.0,0.0,OR,45.547711,-122.417363,0.0,0.0,8.950000000000003,0.279,4,2026-04-25,0.0,0.0,0.0,48.518167241986944,0.0,47.72563176895308,58.35847042957795,87.96992481203007
42017,Bucks County,PA,2026-03-28,0.0,0.0,PA,40.336887,-75.10706,0.0,0.0,6.799999999999997,0.23599999999999993,4,2026-04-25,0.0,0.0,0.0,36.19272868656082,0.0,35.30685920577616,47.59928115572674,53.75939849624061
42029,Chester County,PA,2026-03-28,0.0,0.0,PA,39.974029,-75.749751,0.0,0.0,6.799999999999997,0.23599999999999993,4,2026-04-25,0.0,0.0,0.0,36.19272868656082,0.0,35.30685920577616,47.59928115572674,53.75939849624061
42041,Cumberland County,PA,2026-03-28,0.0,0.0,PA,40.164805,-77.263442,0.0,0.0,6.799999999999997,0.23599999999999993,4,2026-04-25,0.0,0.0,0.0,36.19272868656082,0.0,35.30685920577616,47.59928115572674,53.75939849624061
42049,Erie County,PA,2026-03-28,0.0,0.0,PA,42.117952,-80.096386,0.0,0.0,6.799999999999997,0.23599999999999993,4,2026-04-25,0.0,0.0,0.0,36.19272868656082,0.0,35.30685920577616,47.59928115572674,53.75939849624061
42071,Lancaster County,PA,2026-03-28,0.0,0.0,PA,40.041992,-76.250198,0.0,0.0,6.799999999999997,0.23599999999999993,4,2026-04-25,0.0,0.0,0.0,36.19272868656082,0.0,35.30685920577616,47.59928115572674,53.75939849624061
42091,Montgomery County,PA,2026-03-28,0.0,0.0,PA,40.209999,-75.370201,0.0,0.0,6.799999999999997,0.23599999999999993,4,2026-04-25,0.0,0.0,0.0,36.19272868656082,0.0,35.30685920577616,47.59928115572674,53.75939849624061
42101,Philadelphia County,PA,2026-03-28,0.0,0.0,PA,40.009376,-75.133346,0.0,0.0,6.799999999999997,0.23599999999999993,4,2026-04-25,0.0,0.0,0.0,36.19272868656082,0.0,35.30685920577616,47.59928115572674,53.75939849624061
44007,Providence County,RI,2026-03-28,0.0,0.0,RI,41.869768,-71.578625,0.0,0.0,2.549999999999997,0.15099999999999994,4,2026-04-25,0.0,0.0,0.0,11.702713575359075,0.0,10.75812274368231,25.183342292897713,9.774436090225564
45085,Sumter County,SC,2026-03-28,0.0,0.0,SC,33.91614,-80.382376,0.0,0.0,6.699999999999989,0.23399999999999974,4,2026-04-25,0.0,0.0,0.0,35.618458827993734,0.0,34.72924187725625,47.08978619192642,52.255639097744364
46011,Brookings County,SD,2026-03-28,0.0,0.0,SD,44.376675,-96.797797,0.0,0.0,8.400000000000006,0.2680000000000001,4,2026-04-25,0.0,0.0,0.0,45.36896461330783,0.0,44.548736462093906,55.64094761668507,83.0827067669173
46013,Brown County,SD,2026-03-28,0.0,0.0,SD,45.589254,-98.352175,0.0,0.0,8.400000000000006,0.2680000000000001,4,2026-04-25,0.0,0.0,0.0,45.36896461330783,0.0,44.548736462093906,55.64094761668507,83.0827067669173
46019,Butte County,SD,2026-03-28,0.0,0.0,SD,44.896226,-103.501436,0.0,0.0,8.400000000000006,0.2680000000000001,4,2026-04-25,0.0,0.0,0.0,45.36896461330783,0.0,44.548736462093906,55.64094761668507,83.0827067669173
46051,Grant County,SD,2026-03-28,0.0,0.0,SD,45.172637,-96.772261,0.0,0.0,8.400000000000006,0.2680000000000001,4,2026-04-25,0.0,0.0,0.0,45.36896461330783,0.0,44.548736462093906,55.64094761668507,83.0827067669173
46083,Lincoln County,SD,2026-03-28,0.0,0.0,SD,43.279422,-96.722288,0.0,0.0,8.400000000000006,0.2680000000000001,4,2026-04-25,0.0,0.0,0.0,45.36896461330783,0.0,44.548736462093906,55.64094761668507,83.0827067669173
46093,Meade County,SD,2026-03-28,0.0,0.0,SD,44.605282,-102.714169,0.0,0.0,8.400000000000006,0.2680000000000001,4,2026-04-25,0.0,0.0,0.0,45.36896461330783,0.0,44.548736462093906,55.64094761668507,83.0827067669173
46103,Pennington County,SD,2026-03-28,0.0,0.0,SD,44.002349,-102.823801,0.0,0.0,8.400000000000006,0.2680000000000001,4,2026-04-25,0.0,0.0,0.0,45.36896461330783,0.0,44.548736462093906,55.64094761668507,83.0827067669173
48003,Andrews County,TX,2026-03-28,0.0,0.0,TX,32.312258,-102.640206,0.0,0.0,5.400000000000006,0.2080000000000001,4,2026-04-25,0.0,0.0,0.0,28.14460089974447,0.0,27.22021660649824,40.39015558863247,31.57894736842105
48013,Atascosa County,TX,2026-03-28,0.0,0.0,TX,28.891478,-98.535381,0.0,0.0,5.400000000000006,0.2080000000000001,4,2026-04-25,0.0,0.0,0.0,28.14460089974447,0.0,27.22021660649824,40.39015558863247,31.57894736842105
48017,Bailey County,TX,2026-03-28,0.0,0.0,TX,34.067521,-102.830345,0.0,0.0,5.400000000000006,0.2080000000000001,4,2026-04-25,0.0,0.0,0.0,28.14460089974447,0.0,27.22021660649824,40.39015558863247,31.57894736842105
48019,Bandera County,TX,2026-03-28,0.0,0.0,TX,29.756389,-99.248285,0.0,0.0,5.400000000000006,0.2080000000000001,4,2026-04-25,0.0,0.0,0.0,28.14460089974447,0.0,27.22021660649824,40.39015558863247,31.57894736842105
48027,Bell County,TX,2026-03-28,0.0,0.0,TX,31.037009,-97.479635,0.0,0.0,5.400000000000006,0.2080000000000001,4,2026-04-25,0.0,0.0,0.0,28.14460089974447,0.0,27.22021660649824,40.39015558863247,31.57894736842105
48029,Bexar County,TX,2026-03-28,0.0,0.0,TX,29.448671,-98.520147,0.0,0.0,5.400000000000006,0.2080000000000001,4,2026-04-25,0.0,0.0,0.0,28.14460089974447,0.0,27.22021660649824,40.39015558863247,31.57894736842105
48033,Borden County,TX,2026-03-28,0.0,0.0,TX,32.73859,-101.439199,0.0,0.0,5.400000000000006,0.2080000000000001,4,2026-04-25,0.0,0.0,0.0,28.14460089974447,0.0,27.22021660649824,40.39015558863247,31.57894736842105
48039,Brazoria County,TX,2026-03-28,0.0,0.0,TX,29.167817,-95.434647,0.0,0.0,5.400000000000006,0.2080000000000001,4,2026-04-25,0.0,0.0,0.0,28.14460089974447,0.0,27.22021660649824,40.39015558863247,31.57894736842105
48043,Brewster County,TX,2026-03-28,0.0,0.0,TX,29.808997,-103.252458,0.0,0.0,5.400000000000006,0.2080000000000001,4,2026-04-25,0.0,0.0,0.0,28.14460089974447,0.0,27.22021660649824,40.39015558863247,31.57894736842105
48049,Brown County,TX,2026-03-28,0.0,0.0,TX,31.764137,-98.998456,0.0,0.0,5.400000000000006,0.2080000000000001,4,2026-04-25,0.0,0.0,0.0,28.14460089974447,0.0,27.22021660649824,40.39015558863247,31.57894736842105
48065,Carson County,TX,2026-03-28,0.0,0.0,TX,35.405496,-101.355356,0.0,0.0,5.400000000000006,0.2080000000000001,4,2026-04-25,0.0,0.0,0.0,28.14460089974447,0.0,27.22021660649824,40.39015558863247,31.57894736842105
48079,Cochran County,TX,2026-03-28,0.0,0.0,TX,33.60844,-102.830449,0.0,0.0,5.400000000000006,0.2080000000000001,4,2026-04-25,0.0,0.0,0.0,28.14460089974447,0.0,27.22021660649824,40.39015558863247,31.57894736842105
48085,Collin County,TX,2026-03-28,0.0,0.0,TX,33.194482,-96.579428,0.0,0.0,5.400000000000006,0.2080000000000001,4,2026-04-25,0.0,0.0,0.0,28.14460089974447,0.0,27.22021660649824,40.39015558863247,31.57894736842105
48111,Dallam County,TX,2026-03-28,0.0,0.0,TX,36.28637,-102.59402,0.0,0.0,5.400000000000006,0.2080000000000001,4,2026-04-25,0.0,0.0,0.0,28.14460089974447,0.0,27.22021660649824,40.39015558863247,31.57894736842105
48113,Dallas County,TX,2026-03-28,0.0,0.0,TX,32.766987,-96.778424,0.0,0.0,5.400000000000006,0.2080000000000001,4,2026-04-25,0.0,0.0,0.0,28.14460089974447,0.0,27.22021660649824,40.39015558863247,31.57894736842105
48115,Dawson County,TX,2026-03-28,0.0,0.0,TX,32.742528,-101.948771,0.0,0.0,5.400000000000006,0.2080000000000001,4,2026-04-25,0.0,0.0,0.0,28.14460089974447,0.0,27.22021660649824,40.39015558863247,31.57894736842105
48121,Denton County,TX,2026-03-28,0.0,0.0,TX,33.205132,-97.12114,0.0,0.0,5.400000000000006,0.2080000000000001,4,2026-04-25,0.0,0.0,0.0,28.14460089974447,0.0,27.22021660649824,40.39015558863247,31.57894736842105
48133,Eastland County,TX,2026-03-28,0.0,0.0,TX,32.324645,-98.83656,0.0,0.0,5.400000000000006,0.2080000000000001,4,2026-04-25,0.0,0.0,0.0,28.14460089974447,0.0,27.22021660649824,40.39015558863247,31.57894736842105
48135,Ector County,TX,2026-03-28,0.0,0.0,TX,31.865301,-102.542507,0.0,0.0,5.400000000000006,0.2080000000000001,4,2026-04-25,0.0,0.0,0.0,28.14460089974447,0.0,27.22021660649824,40.39015558863247,31.57894736842105
48141,El Paso County,TX,2026-03-28,0.0,0.0,TX,31.766456,-106.24152,0.0,0.0,5.400000000000006,0.2080000000000001,4,2026-04-25,0.0,0.0,0.0,28.14460089974447,0.0,27.22021660649824,40.39015558863247,31.57894736842105
48143,Erath County,TX,2026-03-28,0.0,0.0,TX,32.236207,-98.218336,0.0,0.0,5.400000000000006,0.2080000000000001,4,2026-04-25,0.0,0.0,0.0,28.14460089974447,0.0,27.22021660649824,40.39015558863247,31.57894736842105
48147,Fannin County,TX,2026-03-28,0.0,0.0,TX,33.591161,-96.104988,0.0,0.0,5.400000000000006,0.2080000000000001,4,2026-04-25,0.0,0.0,0.0,28.14460089974447,0.0,27.22021660649824,40.39015558863247,31.57894736842105
48157,Fort Bend County,TX,2026-03-28,0.0,0.0,TX,29.526602,-95.771015,0.0,0.0,5.400000000000006,0.2080000000000001,4,2026-04-25,0.0,0.0,0.0,28.14460089974447,0.0,27.22021660649824,40.39015558863247,31.57894736842105
48163,Frio County,TX,2026-03-28,0.0,0.0,TX,28.869383,-99.109005,0.0,0.0,5.400000000000006,0.2080000000000001,4,2026-04-25,0.0,0.0,0.0,28.14460089974447,0.0,27.22021660649824,40.39015558863247,31.57894736842105
48165,Gaines County,TX,2026-03-28,0.0,0.0,TX,32.743942,-102.631561,0.0,0.0,5.400000000000006,0.2080000000000001,4,2026-04-25,0.0,0.0,0.0,28.14460089974447,0.0,27.22021660649824,40.39015558863247,31.57894736842105
48169,Garza County,TX,2026-03-28,0.0,0.0,TX,33.183792,-101.301134,0.0,0.0,5.400000000000006,0.2080000000000001,4,2026-04-25,0.0,0.0,0.0,28.14460089974447,0.0,27.22021660649824,40.39015558863247,31.57894736842105
48189,Hale County,TX,2026-03-28,0.0,0.0,TX,34.068436,-101.822888,0.0,0.0,5.400000000000006,0.2080000000000001,4,2026-04-25,0.0,0.0,0.0,28.14460089974447,0.0,27.22021660649824,40.39015558863247,31.57894736842105
48197,Hardeman County,TX,2026-03-28,0.0,0.0,TX,34.289904,-99.745697,0.0,0.0,5.400000000000006,0.2080000000000001,4,2026-04-25,0.0,0.0,0.0,28.14460089974447,0.0,27.22021660649824,40.39015558863247,31.57894736842105
48201,Harris County,TX,2026-03-28,0.0,0.0,TX,29.857273,-95.393037,0.0,0.0,5.400000000000006,0.2080000000000001,4,2026-04-25,0.0,0.0,0.0,28.14460089974447,0.0,27.22021660649824,40.39015558863247,31.57894736842105
48203,Harrison County,TX,2026-03-28,0.0,0.0,TX,32.547991,-94.374434,0.0,0.0,5.400000000000006,0.2080000000000001,4,2026-04-25,0.0,0.0,0.0,28.14460089974447,0.0,27.22021660649824,40.39015558863247,31.57894736842105
48209,Hays County,TX,2026-03-28,0.0,0.0,TX,30.061225,-98.029267,0.0,0.0,5.400000000000006,0.2080000000000001,4,2026-04-25,0.0,0.0,0.0,28.14460089974447,0.0,27.22021660649824,40.39015558863247,31.57894736842105
48219,Hockley County,TX,2026-03-28,0.0,0.0,TX,33.605932,-102.343398,0.0,0.0,5.400000000000006,0.2080000000000001,4,2026-04-25,0.0,0.0,0.0,28.14460089974447,0.0,27.22021660649824,40.39015558863247,31.57894736842105
48229,Hudspeth County,TX,2026-03-28,0.0,0.0,TX,31.450868,-105.377549,0.0,0.0,5.400000000000006,0.2080000000000001,4,2026-04-25,0.0,0.0,0.0,28.14460089974447,0.0,27.22021660649824,40.39015558863247,31.57894736842105
48259,Kendall County,TX,2026-03-28,0.0,0.0,TX,29.943525,-98.709269,0.0,0.0,5.400000000000006,0.2080000000000001,4,2026-04-25,0.0,0.0,0.0,28.14460089974447,0.0,27.22021660649824,40.39015558863247,31.57894736842105
48277,Lamar County,TX,2026-03-28,0.0,0.0,TX,33.667263,-95.570348,0.0,0.0,5.400000000000006,0.2080000000000001,4,2026-04-25,0.0,0.0,0.0,28.14460089974447,0.0,27.22021660649824,40.39015558863247,31.57894736842105
48279,Lamb County,TX,2026-03-28,0.0,0.0,TX,34.068861,-102.348018,0.0,0.0,5.400000000000006,0.2080000000000001,4,2026-04-25,0.0,0.0,0.0,28.14460089974447,0.0,27.22021660649824,40.39015558863247,31.57894736842105
48303,Lubbock County,TX,2026-03-28,0.0,0.0,TX,33.611469,-101.819944,0.0,0.0,5.400000000000006,0.2080000000000001,4,2026-04-25,0.0,0.0,0.0,28.14460089974447,0.0,27.22021660649824,40.39015558863247,31.57894736842105
48305,Lynn County,TX,2026-03-28,0.0,0.0,TX,33.178412,-101.818493,0.0,0.0,5.400000000000006,0.2080000000000001,4,2026-04-25,0.0,0.0,0.0,28.14460089974447,0.0,27.22021660649824,40.39015558863247,31.57894736842105
48309,McLennan County,TX,2026-03-28,0.0,0.0,TX,31.549596,-97.201511,0.0,0.0,5.400000000000006,0.2080000000000001,4,2026-04-25,0.0,0.0,0.0,28.14460089974447,0.0,27.22021660649824,40.39015558863247,31.57894736842105
48317,Martin County,TX,2026-03-28,0.0,0.0,TX,32.30983,-101.961836,0.0,0.0,5.400000000000006,0.2080000000000001,4,2026-04-25,0.0,0.0,0.0,28.14460089974447,0.0,27.22021660649824,40.39015558863247,31.57894736842105
48329,Midland County,TX,2026-03-28,0.0,0.0,TX,31.814269,-102.002454,0.0,0.0,5.400000000000006,0.2080000000000001,4,2026-04-25,0.0,0.0,0.0,28.14460089974447,0.0,27.22021660649824,40.39015558863247,31.57894736842105
48369,Parmer County,TX,2026-03-28,0.0,0.0,TX,34.532163,-102.784853,0.0,0.0,5.400000000000006,0.2080000000000001,4,2026-04-25,0.0,0.0,0.0,28.14460089974447,0.0,27.22021660649824,40.39015558863247,31.57894736842105
48375,Potter County,TX,2026-03-28,0.0,0.0,TX,35.398675,-101.893804,0.0,0.0,5.400000000000006,0.2080000000000001,4,2026-04-25,0.0,0.0,0.0,28.14460089974447,0.0,27.22021660649824,40.39015558863247,31.57894736842105
48379,Rains County,TX,2026-03-28,0.0,0.0,TX,32.870457,-95.795613,0.0,0.0,5.400000000000006,0.2080000000000001,4,2026-04-25,0.0,0.0,0.0,28.14460089974447,0.0,27.22021660649824,40.39015558863247,31.57894736842105
48381,Randall County,TX,2026-03-28,0.0,0.0,TX,34.962529,-101.895547,0.0,0.0,5.400000000000006,0.2080000000000001,4,2026-04-25,0.0,0.0,0.0,28.14460089974447,0.0,27.22021660649824,40.39015558863247,31.57894736842105
48389,Reeves County,TX,2026-03-28,0.0,0.0,TX,31.308366,-103.712706,0.0,0.0,5.400000000000006,0.2080000000000001,4,2026-04-25,0.0,0.0,0.0,28.14460089974447,0.0,27.22021660649824,40.39015558863247,31.57894736842105
48397,Rockwall County,TX,2026-03-28,0.0,0.0,TX,32.90028,-96.412049,0.0,0.0,5.400000000000006,0.2080000000000001,4,2026-04-25,0.0,0.0,0.0,28.14460089974447,0.0,27.22021660649824,40.39015558863247,31.57894736842105
48415,Scurry County,TX,2026-03-28,0.0,0.0,TX,32.744353,-100.913346,0.0,0.0,5.400000000000006,0.2080000000000001,4,2026-04-25,0.0,0.0,0.0,28.14460089974447,0.0,27.22021660649824,40.39015558863247,31.57894736842105
48417,Shackelford County,TX,2026-03-28,0.0,0.0,TX,32.74382,-99.347005,0.0,0.0,5.400000000000006,0.2080000000000001,4,2026-04-25,0.0,0.0,0.0,28.14460089974447,0.0,27.22021660649824,40.39015558863247,31.57894736842105
48439,Tarrant County,TX,2026-03-28,0.0,0.0,TX,32.772119,-97.291224,0.0,0.0,5.400000000000006,0.2080000000000001,4,2026-04-25,0.0,0.0,0.0,28.14460089974447,0.0,27.22021660649824,40.39015558863247,31.57894736842105
48445,Terry County,TX,2026-03-28,0.0,0.0,TX,33.171229,-102.339284,0.0,0.0,5.400000000000006,0.2080000000000001,4,2026-04-25,0.0,0.0,0.0,28.14460089974447,0.0,27.22021660649824,40.39015558863247,31.57894736842105
48453,Travis County,TX,2026-03-28,0.0,0.0,TX,30.239513,-97.69127,0.0,0.0,5.400000000000006,0.2080000000000001,4,2026-04-25,0.0,0.0,0.0,28.14460089974447,0.0,27.22021660649824,40.39015558863247,31.57894736842105
48459,Upshur County,TX,2026-03-28,0.0,0.0,TX,32.735349,-94.941184,0.0,0.0,5.400000000000006,0.2080000000000001,4,2026-04-25,0.0,0.0,0.0,28.14460089974447,0.0,27.22021660649824,40.39015558863247,31.57894736842105
48491,Williamson County,TX,2026-03-28,0.0,0.0,TX,30.649082,-97.605065,0.0,0.0,5.400000000000006,0.2080000000000001,4,2026-04-25,0.0,0.0,0.0,28.14460089974447,0.0,27.22021660649824,40.39015558863247,31.57894736842105
48501,Yoakum County,TX,2026-03-28,0.0,0.0,TX,33.162339,-102.832241,0.0,0.0,5.400000000000006,0.2080000000000001,4,2026-04-25,0.0,0.0,0.0,28.14460089974447,0.0,27.22021660649824,40.39015558863247,31.57894736842105
49011,Davis County,UT,2026-03-28,0.0,0.0,UT,41.037559,-112.201943,0.0,0.0,10.5,0.31000000000000005,4,2026-04-25,0.0,0.0,0.0,57.37961267382319,0.0,56.67870036101083,65.89301762953839,94.54887218045113
49035,Salt Lake County,UT,2026-03-28,0.0,0.0,UT,40.667883,-111.92424,0.0,0.0,10.5,0.31000000000000005,4,2026-04-25,0.0,0.0,0.0,57.37961267382319,0.0,56.67870036101083,65.89301762953839,94.54887218045113
49037,San Juan County,UT,2026-03-28,0.0,0.0,UT,37.602633,-109.791574,0.0,0.0,10.5,0.31000000000000005,4,2026-04-25,0.0,0.0,0.0,57.37961267382319,0.0,56.67870036101083,65.89301762953839,94.54887218045113
49043,Summit County,UT,2026-03-28,0.0,0.0,UT,40.87206,-110.968486,0.0,0.0,10.5,0.31000000000000005,4,2026-04-25,0.0,0.0,0.0,57.37961267382319,0.0,56.67870036101083,65.89301762953839,94.54887218045113
49045,Tooele County,UT,2026-03-28,0.0,0.0,UT,40.467753,-113.123979,0.0,0.0,10.5,0.31000000000000005,4,2026-04-25,0.0,0.0,0.0,57.37961267382319,0.0,56.67870036101083,65.89301762953839,94.54887218045113
49049,Utah County,UT,2026-03-28,0.0,0.0,UT,40.120418,-111.668563,0.0,0.0,10.5,0.31000000000000005,4,2026-04-25,0.0,0.0,0.0,57.37961267382319,0.0,56.67870036101083,65.89301762953839,94.54887218045113
49051,Wasatch County,UT,2026-03-28,0.0,0.0,UT,40.334884,-111.161568,0.0,0.0,10.5,0.31000000000000005,4,2026-04-25,0.0,0.0,0.0,57.37961267382319,0.0,56.67870036101083,65.89301762953839,94.54887218045113
49057,Weber County,UT,2026-03-28,0.0,0.0,UT,41.270325,-111.876883,0.0,0.0,10.5,0.31000000000000005,4,2026-04-25,0.0,0.0,0.0,57.37961267382319,0.0,56.67870036101083,65.89301762953839,94.54887218045113
50015,Lamoille County,VT,2026-03-28,0.0,0.0,VT,44.611192,-72.632659,0.0,0.0,4.950000000000003,0.19900000000000004,4,2026-04-25,0.0,0.0,0.0,25.553809439172067,0.0,24.620938628158875,38.037408735069626,20.48872180451128
50023,Washington County,VT,2026-03-28,0.0,0.0,VT,44.274969,-72.609444,0.0,0.0,4.950000000000003,0.19900000000000004,4,2026-04-25,0.0,0.0,0.0,25.553809439172067,0.0,24.620938628158875,38.037408735069626,20.48872180451128
53011,Clark County,WA,2026-03-28,0.0,0.0,WA,45.77173,-122.485953,0.0,0.0,6.549999999999997,0.23099999999999993,4,2026-04-25,0.0,0.0,0.0,34.756884143411305,0.0,33.86281588447653,46.32399334797793,50.56390977443609
53025,Grant County,WA,2026-03-28,0.0,0.0,WA,47.213633,-119.467788,0.0,0.0,6.549999999999997,0.23099999999999993,4,2026-04-25,0.0,0.0,0.0,34.756884143411305,0.0,33.86281588447653,46.32399334797793,50.56390977443609
53033,King County,WA,2026-03-28,0.0,0.0,WA,47.490552,-121.833977,0.0,0.0,6.549999999999997,0.23099999999999993,4,2026-04-25,0.0,0.0,0.0,34.756884143411305,0.0,33.86281588447653,46.32399334797793,50.56390977443609
53037,Kittitas County,WA,2026-03-28,0.0,0.0,WA,47.124441,-120.676709,0.0,0.0,6.549999999999997,0.23099999999999993,4,2026-04-25,0.0,0.0,0.0,34.756884143411305,0.0,33.86281588447653,46.32399334797793,50.56390977443609
53061,Snohomish County,WA,2026-03-28,0.0,0.0,WA,48.054913,-121.765038,0.0,0.0,6.549999999999997,0.23099999999999993,4,2026-04-25,0.0,0.0,0.0,34.756884143411305,0.0,33.86281588447653,46.32399334797793,50.56390977443609
53063,Spokane County,WA,2026-03-28,0.0,0.0,WA,47.620375,-117.403371,0.0,0.0,6.549999999999997,0.23099999999999993,4,2026-04-25,0.0,0.0,0.0,34.756884143411305,0.0,33.86281588447653,46.32399334797793,50.56390977443609
53065,Stevens County,WA,2026-03-28,0.0,0.0,WA,48.388728,-117.854455,0.0,0.0,6.549999999999997,0.23099999999999993,4,2026-04-25,0.0,0.0,0.0,34.756884143411305,0.0,33.86281588447653,46.32399334797793,50.56390977443609
53073,Whatcom County,WA,2026-03-28,0.0,0.0,WA,48.842653,-121.836432,0.0,0.0,6.549999999999997,0.23099999999999993,4,2026-04-25,0.0,0.0,0.0,34.756884143411305,0.0,33.86281588447653,46.32399334797793,50.56390977443609
55025,Dane County,WI,2026-03-28,0.0,0.0,WI,43.067468,-89.417852,0.0,0.0,11.099999999999994,0.3219999999999999,4,2026-04-25,0.0,0.0,0.0,60.80461519913351,0.0,60.14440433212992,68.76184970885058,96.61654135338345
55083,Oconto County,WI,2026-03-28,0.0,0.0,WI,44.996575,-88.206516,0.0,0.0,11.099999999999994,0.3219999999999999,4,2026-04-25,0.0,0.0,0.0,60.80461519913351,0.0,60.14440433212992,68.76184970885058,96.61654135338345
55133,Waukesha County,WI,2026-03-28,0.0,0.0,WI,43.018368,-88.30424,0.0,0.0,11.099999999999994,0.3219999999999999,4,2026-04-25,0.0,0.0,0.0,60.80461519913351,0.0,60.14440433212992,68.76184970885058,96.61654135338345
56007,Carbon County,WY,2026-03-28,0.0,0.0,WY,41.70359,-106.933153,0.0,0.0,5.950000000000003,0.21900000000000006,4,2026-04-25,0.0,0.0,0.0,31.308527746187824,0.0,30.397111913357424,43.24204473787433,45.48872180451128
56013,Fremont County,WY,2026-03-28,0.0,0.0,WY,43.054831,-108.608935,0.0,0.0,5.950000000000003,0.21900000000000006,4,2026-04-25,0.0,0.0,0.0,31.308527746187824,0.0,30.397111913357424,43.24204473787433,45.48872180451128
56025,Natrona County,WY,2026-03-28,0.0,0.0,WY,42.977645,-106.768219,0.0,0.0,5.950000000000003,0.21900000000000006,4,2026-04-25,0.0,0.0,0.0,31.308527746187824,0.0,30.397111913357424,43.24204473787433,45.48872180451128
56027,Niobrara County,WY,2026-03-28,0.0,0.0,WY,43.062159,-104.468373,0.0,0.0,5.950000000000003,0.21900000000000006,4,2026-04-25,0.0,0.0,0.0,31.308527746187824,0.0,30.397111913357424,43.24204473787433,45.48872180451128
56029,Park County,WY,2026-03-28,0.0,0.0,WY,44.492387,-109.593597,0.0,0.0,5.950000000000003,0.21900000000000006,4,2026-04-25,0.0,0.0,0.0,31.308527746187824,0.0,30.397111913357424,43.24204473787433,45.48872180451128
